signature	mode_exposure	mean_exposure	median_exposure	0%	100%	2.5%	25%	75%	97.5%
Rearrangement Signature 1	0.012015255856390517	0.03169833216271952	0.024397456709778345	2.7522192321543176e-4	0.17571840743241993	0.0016680192196065838	0.011791491967389333	0.04485768701483054	0.10356257303580571
Rearrangement Signature 2	0.13729940760096	0.17050964973276295	0.16648843109439723	0.004133921556195853	0.4375671902553371	0.037983231597466784	0.11213501006210146	0.2226755705741914	0.33863959552534384
Rearrangement Signature 3	0.05543439095079527	0.07260020803283394	0.06450416694394934	1.5327113343763453e-5	0.30786431326928193	0.004209871735286848	0.03599783673504804	0.09872948435019047	0.18426239954556717
Rearrangement Signature 4	0.032096695292873734	0.05563823102513935	0.05138288525686778	3.832002738224461e-4	0.23058878376416803	0.006762552425112447	0.030962801591165906	0.07404440957768878	0.13832449184057302
Rearrangement Signature 5	0.6349312658599285	0.6394755167279734	0.6402910804218762	0.3485257467616724	0.8938896245553862	0.470261891631163	0.5859614305833287	0.7019402370644523	0.7995728543812536
Rearrangement Signature 6	0.008811099841133638	0.030078062318570783	0.02037609932774198	6.0916434848623524e-5	0.15855607027606677	9.342994966621e-4	0.008371064385445603	0.04210450714406708	0.10663327000029375
