signature	mode_exposure	mean_exposure	median_exposure	0%	100%	2.5%	25%	75%	97.5%
Rearrangement Signature 1	0.5767322811067448	1.5215199438105371	1.1710779220693608	0.013210652314340723	8.434483556756156	0.08006492254111601	0.5659916144346879	2.153168976711866	4.9710035057186746
Rearrangement Signature 2	6.59037156484608	8.184463187172621	7.991444692531068	0.19842823469740095	21.00322513225618	1.8231951166784053	5.38248048298087	10.688427387561187	16.254700585216504
Rearrangement Signature 3	2.6608507656381732	3.484809985576029	3.0962000133095686	7.357014405006458e-4	14.777487036925532	0.20207384329376873	1.727896163282306	4.739015248809142	8.844595178187223
Rearrangement Signature 4	1.5406413740579388	2.670635089206689	2.4663784923296537	0.018393613143477414	11.068261620680065	0.32460251640539745	1.4862144763759635	3.5541316597290615	6.639575608347504
Rearrangement Signature 5	30.476700761276568	30.694824802942726	30.73397186025006	16.729235844560275	42.90670197865854	22.572570798295825	28.12614866799978	33.693131379093714	38.37949701030018
Rearrangement Signature 6	0.4229327923744144	1.4437469912913976	0.9780527677316151	0.002923988872733929	7.610691373251205	0.044846375839780794	0.40181109050138897	2.0210163429152197	5.118396960014101
