signature	mode_exposure	mean_exposure	median_exposure	0%	100%	2.5%	25%	75%	97.5%
Rearrangement Signature 1	0.4832801626094616	1.1908883092282845	0.9150062730576489	0.0026117584081209798	6.254613515168121	0.04741487824500257	0.45658788317390125	1.625276693136891	3.9736421434851277
Rearrangement Signature 2	35.67639439010473	37.14774295239788	36.9323938341537	12.530276400044784	57.613903181158896	21.318208368084616	32.156508627155645	42.60740236837735	52.63227944054038
Rearrangement Signature 3	3.5933995989035417	4.903457278484138	4.4537059613081595	0.21006686197239274	18.900626656434856	0.7099971270128783	2.8231420232685327	6.643839632190428	11.36165831725015
Rearrangement Signature 4	0.5757449357204496	1.6606107935456573	1.3385294997116248	0.0029462420567095767	9.350425509410044	0.0865276757881732	0.6202891216250912	2.2922224673382527	5.225086201806889
Rearrangement Signature 5	64.2591936254626	62.458138951959945	62.207764175423875	42.81072440166276	87.5508091202949	48.584580408689575	56.94105173106895	67.01494151091504	78.75387815141394
Rearrangement Signature 6	0.5197533233023585	1.6391617143841009	1.2609046165643996	0.0030668798332870173	10.022075444606756	0.053669802480578815	0.5515881405078727	2.2954049481428873	5.060357051848237
