signature	mode_exposure	mean_exposure	median_exposure	0%	100%	2.5%	25%	75%	97.5%
Rearrangement Signature 1	0.004433762959719833	0.010925580818608114	0.00839455296383164	2.396108631303651e-5	0.05738177536851487	4.34998882981675e-4	0.004188879662145883	0.01491079534987973	0.03645543250903788
Rearrangement Signature 2	0.3273063705514195	0.3408049812146594	0.3388293012307678	0.11495666422059435	0.5285679190932009	0.19557989328517994	0.29501384061610675	0.39089359970988397	0.48286494899578325
Rearrangement Signature 3	0.0329669687972802	0.0449858465915976	0.040859687718423486	0.001927218917177915	0.17340024455444822	0.006513735110209893	0.025900385534573696	0.060952657176058966	0.10423539740596467
Rearrangement Signature 4	0.005282063630462843	0.015234961408675755	0.01228008715331766	2.70297436395374e-5	0.08578372026981693	7.938318879648918e-4	0.005690725886468727	0.021029563920534428	0.04793657065877879
Rearrangement Signature 5	0.589533886472134	0.5730104491005499	0.5707134328020539	0.39275893946479595	0.8032184322962835	0.4457300954925649	0.522394970009807	0.6148159771643581	0.7225126435909536
Rearrangement Signature 6	0.004768379112865675	0.015038180865909181	0.011567932262058711	2.8136512231990984e-5	0.09194564628079592	4.923835089961359e-4	0.00506044165603553	0.02105876099213658	0.04642529405365354
