signature	mode_exposure	mean_exposure	median_exposure	0%	100%	2.5%	25%	75%	97.5%
Rearrangement Signature 1	0.004183086107177731	0.014491307904635474	0.00976168357056103	5.533517071579999e-5	0.09767966006192476	4.1057418694304007e-4	0.004079876380780058	0.020525676696717097	0.05354543178653397
Rearrangement Signature 2	0.17562283326690464	0.14922592075046828	0.14355287597609268	9.660328391654846e-5	0.4031876499741975	0.00941114911088873	0.08549056328611493	0.20107625899129333	0.32545086135221646
Rearrangement Signature 3	0.08848058211497592	0.11566168126944676	0.1083291035138706	0.002184300500467837	0.28885698537901056	0.0340498531583728	0.07657252293763911	0.14803282202716905	0.2415398432216507
Rearrangement Signature 4	0.00440468951534778	0.01517886915368348	0.010718381872751013	3.696409030444653e-5	0.1357313691714551	5.164063472331048e-4	0.004407722350928905	0.02042646944980095	0.05228948082543773
Rearrangement Signature 5	0.6973850661258594	0.691740262999969	0.6939243409944493	0.42175894675426645	0.9320817761717863	0.5134263569023679	0.6341231833877785	0.7507679915661984	0.8506744331566016
Rearrangement Signature 6	0.003957064018395937	0.013701957921796949	0.008736473433507252	5.193100709122156e-6	0.09261336452620506	3.189186314628306e-4	0.003787323621065708	0.018783702865499796	0.052223986449240895
