signature	mode_exposure	mean_exposure	median_exposure	0%	100%	2.5%	25%	75%	97.5%
Rearrangement Signature 1	0.30118219971679683	1.0433741691337541	0.702841217080394	0.003984132291537599	7.0329355244585825	0.029561341459898888	0.2937510994161642	1.4778487221636307	3.8552710886304458
Rearrangement Signature 2	12.644843995217133	10.744266294033716	10.335807070278673	0.006955436441991489	29.02951079814222	0.6776027359839885	6.155320556600275	14.47749064737312	23.432462017359587
Rearrangement Signature 3	6.370601912278266	8.327641051400166	7.799695452998683	0.15726963603368427	20.79770294728876	2.4515894274028414	5.513221651510015	10.658363185956171	17.390868711958852
Rearrangement Signature 4	0.31713764510503983	1.0928785790652105	0.771723494838073	0.0026614145019201504	9.772658580344766	0.037181257000783535	0.3173560092668812	1.4707058003856683	3.764842619431516
Rearrangement Signature 5	50.21172476106187	49.805298935997776	49.962552551600346	30.366644166307186	67.10988788436862	36.9666976969705	45.65686920392005	54.0552953927663	61.24855918727532
Rearrangement Signature 6	0.28490860932450746	0.9865409703693804	0.6290260872125222	3.7390325105679523e-4	6.668162245886764	0.022962141465323806	0.272687300716731	1.3524266063159853	3.7601270243453437
