signature	mode_exposure	mean_exposure	median_exposure	0%	100%	2.5%	25%	75%	97.5%
Rearrangement Signature 1	0.3356020496486064	0.9721937719797608	0.6941417826472153	0.007766940004041994	6.958354470469665	0.05863436036110213	0.3258876373031098	1.3758404317790958	3.3946465090268303
Rearrangement Signature 2	1.4550050604868154	3.7262801488364876	2.586104139015169	0.0216404699362571	24.591828208744836	0.17774902167303136	1.2866133098067105	5.431012924843629	12.401533178819406
Rearrangement Signature 3	4.799187314792861	6.100465471039716	5.684974699728034	0.09505324997884948	19.08246136967434	1.4086471666084968	4.068188891414376	7.6392142500215385	13.581909503603773
Rearrangement Signature 4	0.2975157899189358	1.0625263404886776	0.7258643528792295	0.0011885199612026976	8.73666870625252	0.02092516417711805	0.3052802737187357	1.4345422071578289	3.930529868180835
Rearrangement Signature 5	55.79507712115095	53.180618351129866	53.97156537963312	32.19757017002668	63.15491610988009	42.74505013136471	50.39368432072348	56.418858973513	60.02579587139782
Rearrangement Signature 6	0.25075013410768743	0.9579159165254922	0.6309607701579093	0.0013751632877756492	5.841543725058784	0.013416770826495545	0.23796687956925527	1.3494497893419144	3.9080325354348964
