signature	mode_exposure	mean_exposure	median_exposure	0%	100%	2.5%	25%	75%	97.5%
Rearrangement Signature 1	0.254987826313841	0.9766026884347278	0.6827229487207376	8.900463528995117e-4	9.542470760797109	0.02173232346955266	0.264057304757474	1.3680614651600234	3.506602892668064
Rearrangement Signature 2	30.55116356252654	30.660997673064863	30.768675106302396	13.75241001760761	44.14589599483423	19.83413583777652	26.995706822355455	34.480963924538024	40.64341460009134
Rearrangement Signature 3	0.42723859463730585	1.5225616808234936	1.107221117132347	6.850337895603375e-5	9.880480321067031	0.02694767199826873	0.4599744308205752	2.0465317322233476	6.015744442767873
Rearrangement Signature 4	0.3327983652720654	1.0437357134101686	0.7200555102983264	0.00277585112961425	6.738947770743477	0.03210086413725107	0.33213183018209796	1.4703520933446228	3.7253529785544224
Rearrangement Signature 5	23.538255586212962	23.76705653518404	23.64016271052595	9.787453123744754	40.170517431895775	14.331317590576441	20.1343272307449	27.103125726111124	34.80437544552561
Rearrangement Signature 6	0.32443274518871135	1.0290457090827065	0.7188190351961234	0.0014691601287811773	6.06168230021279	0.016805112654143636	0.32270858205183683	1.4578262413412686	3.6606080262137604
