signature	mode_exposure	mean_exposure	median_exposure	0%	100%	2.5%	25%	75%	97.5%
Rearrangement Signature 1	0.004321827564641372	0.016552587939571657	0.011571575402046399	1.508553140507647e-5	0.1617367925558832	3.683444655856383e-4	0.004475547538262271	0.023187482460339377	0.059433947333357016
Rearrangement Signature 2	0.5178163315682465	0.5196779266621163	0.5215029679034304	0.2330916952136883	0.7482355253361733	0.33617179386061896	0.4575543529212789	0.5844231173650513	0.6888714338998532
Rearrangement Signature 3	0.007241332112496713	0.025806130183449044	0.01876645961241266	1.1610742195937925e-6	0.1674657681536785	4.5674020336048695e-4	0.007796176793569072	0.03468697851226013	0.10196177021640461
Rearrangement Signature 4	0.005640650258848566	0.017690435820511333	0.012204330683022482	4.7048324230750003e-5	0.11421945374141486	5.440824430042556e-4	0.0056293530539338645	0.024921221921095305	0.06314157590770207
Rearrangement Signature 5	0.3989534845120841	0.4028314666980346	0.40068072390721954	0.1658890359956738	0.6808562276592505	0.2429036879758719	0.3412597835719475	0.45937501230696826	0.5899046685682307
Rearrangement Signature 6	0.005498860087944259	0.017441452696317063	0.012183373477900397	2.490101913188436e-5	0.10274037796970831	2.848324178668413e-4	0.005469636983929438	0.024708919344767266	0.06204420383413152
