signature	mode_exposure	mean_exposure	median_exposure	0%	100%	2.5%	25%	75%	97.5%
Rearrangement Signature 1	0.05073116787908744	0.05290574992572134	0.05170486473808414	0.018693899591713397	0.1133160481443362	0.025418667067720196	0.040746436312938034	0.0630534695268467	0.08846088408819784
Rearrangement Signature 2	0.6908216111215659	0.6847558339683181	0.6855871780827125	0.5679747038277879	0.7631650295206371	0.6246639491007112	0.6647956326160593	0.7055368333043786	0.7382357899746425
Rearrangement Signature 3	0.05550109085634672	0.062383084810785056	0.060852293016891185	0.02339420310672033	0.11870948152258208	0.03402358619970847	0.04968634430349056	0.07402523797057356	0.09971935486886326
Rearrangement Signature 4	0.003175731544540158	0.010741219057042924	0.009230371190080695	3.449381388752409e-5	0.04359804505262239	3.34500625829436e-4	0.003786234766846994	0.015920057822973094	0.02876065878666523
Rearrangement Signature 5	0.17587253654448895	0.1756127792992672	0.17519343188985292	0.10489600620485663	0.2705528842124909	0.1251527813780172	0.15556511470903855	0.19334096819589625	0.23220971268833823
Rearrangement Signature 6	0.003967858672579653	0.013601332938865375	0.012314536577205312	4.0774773904073136e-5	0.04847268422567333	3.444953301387631e-4	0.0055297887007585145	0.01974443609587493	0.036432792111990464
