signature	mode_exposure	mean_exposure	median_exposure	0%	100%	2.5%	25%	75%	97.5%
Rearrangement Signature 1	16.6683360361857	17.675302336584068	17.10753955685038	4.104914613874345	40.970706067797856	8.352291050556996	14.147272269379666	20.68477538581581	29.166336966865636
Rearrangement Signature 2	198.0710698276916	196.5281735969788	196.85967426409383	156.32752963603104	235.10581795942525	171.50969788354087	188.44561705622647	204.95031408541251	221.35323388513638
Rearrangement Signature 3	21.54145204553128	22.543392375570548	22.072574458118115	5.9970391694067375	44.03586165002507	10.917569930696946	17.706914794517587	26.737540327289715	37.24923220557403
Rearrangement Signature 4	0.3553441178254	1.1444112009357652	0.7926857354362502	0.004952678046333733	7.968632244998031	0.03393905035158052	0.3424889455352659	1.5626987671374883	4.333628341182038
Rearrangement Signature 5	80.4629798130602	81.91218697640213	81.73121597466533	42.346012362709715	116.59579208808158	57.511384482049046	73.01869555252667	91.14404055943847	106.45618711941405
Rearrangement Signature 6	0.3384978099684516	1.1965335135287025	0.8324714774919102	0.001837384448045709	6.526201913880451	0.029717711485260367	0.35130649528589186	1.6800026632794256	4.517139519134148
