signature	mode_exposure	mean_exposure	median_exposure	0%	100%	2.5%	25%	75%	97.5%
Rearrangement Signature 1	20.546122991030416	21.426828719917143	20.940470218924077	7.571029334643926	45.89299949845616	10.294560162426679	16.502306706739905	25.536655158372916	35.82665805572013
Rearrangement Signature 2	279.78275250423417	277.32611275716886	277.66280712349857	230.0297550502541	309.081836955858	252.98889938578807	269.2422312095041	285.7424174882733	298.98549493973024
Rearrangement Signature 3	22.477941796820424	25.26514934836795	24.64517867184093	9.474652258221733	48.07734001664574	13.779552410881927	20.122969442913675	29.98022137808229	40.386338721889615
Rearrangement Signature 4	1.2861712755387642	4.350193718102385	3.738300331982682	0.013969994624447257	17.657208246312067	0.1354727534609216	1.5334250805730327	6.4476234183041035	11.648066808599419
Rearrangement Signature 5	71.22837730051802	71.12317561620321	70.95333991539044	42.48288251296694	109.57391810605881	50.68687645809697	63.003871457160614	78.30309211933798	94.04493363877697
Rearrangement Signature 6	1.6069827623947592	5.508539840240476	4.987387313768151	0.01651378343114962	19.631437111397698	0.13952060870619903	2.2395644238071983	7.996496618829347	14.75528080535614
