signature	mode_exposure	mean_exposure	median_exposure	0%	100%	2.5%	25%	75%	97.5%
Rearrangement Signature 1	0.051926280486559805	0.055063247154467504	0.05329451575342797	0.012787895993378023	0.1276345983420494	0.026019598288339555	0.04407249928155659	0.06443855260378757	0.09086086282512659
Rearrangement Signature 2	0.6170438312389146	0.6122373009251676	0.6132700132837814	0.487001649956483	0.7324168783782719	0.5342981242477909	0.5870579970598956	0.6384744987084502	0.6895739373368736
Rearrangement Signature 3	0.06710732724464574	0.07022863668402039	0.06876191419974491	0.018682365013728153	0.13718336962624633	0.034011121279429735	0.05516172833183049	0.08329451815355052	0.11604122182421817
Rearrangement Signature 4	0.0011069910212629292	0.0035651439281488015	0.0024694259670911224	1.5428903571133126e-5	0.024824399517127824	1.0572912882112311e-4	0.0010669437555615759	0.004868220458372237	0.013500399816766475
Rearrangement Signature 5	0.2506634885142063	0.2551781525744614	0.2546143799833811	0.13191904162837917	0.3632267666295376	0.1791631915328631	0.22747257181472486	0.2839378210574407	0.3316392122100127
Rearrangement Signature 6	0.0010545103114281977	0.003727518733734276	0.002593369088759845	5.723939090485075e-6	0.020330847083739723	9.257854045252451e-5	0.0010944127578999749	0.005233653156633725	0.014072085729389871
