signature	mode_exposure	mean_exposure	median_exposure	0%	100%	2.5%	25%	75%	97.5%
Rearrangement Signature 1	32.499128392177376	30.982725180985597	31.20556938620725	13.726924285773148	50.46704364356532	18.93751211794938	26.665292967411165	35.13507817423566	43.95185876880204
Rearrangement Signature 2	311.8548543752851	313.0822649900854	312.8594973516365	266.38189347131487	361.1797352818577	284.5038326925683	302.5373447842162	323.68193668673706	341.71211532383825
Rearrangement Signature 3	33.934722550505604	36.37232072086544	35.870790444304546	15.550814888774982	65.56308007884391	21.151314650978414	30.335649370684436	41.747308588909206	54.071142875431676
Rearrangement Signature 4	0.7436223513340197	2.5998800383685685	2.2538520310326486	0.012721276362783963	11.998633139291705	0.11742087839384667	0.9986226717029952	3.6714134725046352	7.502080755474465
Rearrangement Signature 5	80.14307186747348	87.2862578134801	86.94042883869196	47.9857817696784	123.42252462476964	64.94944865840391	78.16973941552362	96.13191123454118	112.14594152995633
Rearrangement Signature 6	1.5609013301387897	3.6765512562148914	3.221278842331399	0.007691277404773544	15.954160737268182	0.1056675989674585	1.5384482477009658	5.314817792956063	10.550362251086844
