signature	mode_exposure	mean_exposure	median_exposure	0%	100%	2.5%	25%	75%	97.5%
Rearrangement Signature 1	0.06856356200881303	0.06536439911600338	0.0658345345700575	0.02895975587715854	0.10647055621005341	0.03995255721086367	0.05625589233631048	0.07412463749838746	0.09272544044051063
Rearrangement Signature 2	0.6579216337031331	0.6605111075740198	0.6600411336532416	0.5619871170280905	0.7619825638857757	0.6002190563134352	0.6382644404730299	0.6828732841492342	0.7209116357043002
Rearrangement Signature 3	0.07159224166773334	0.07673485384148827	0.0756767730892501	0.032807626347626545	0.13831873434355255	0.04462302668982787	0.06399926027570556	0.08807449069390128	0.1140741410874086
Rearrangement Signature 4	0.001568823526021139	0.0054849789838999335	0.004754962090786179	2.6838135786464056e-5	0.025313572023822162	2.4772337213891705e-4	0.002106798885449357	0.007745598043258723	0.015827174589608577
Rearrangement Signature 5	0.1690782106908723	0.1841482232351901	0.18341862624196614	0.10123582651830886	0.2603850730480372	0.13702415328777195	0.1649150620580667	0.20280993931337804	0.23659481335433827
Rearrangement Signature 6	0.0032930407808835225	0.007756437249398505	0.006795946924749788	1.6226323638762752e-5	0.03365856695626199	2.2292742398197997e-4	0.003245671408651826	0.011212695765730092	0.02225814820904397
