signature	mode_exposure	mean_exposure	median_exposure	0%	100%	2.5%	25%	75%	97.5%
Rearrangement Signature 1	0.00940109360241365	0.030637298274627092	0.02209071213909777	2.9368328679858156e-4	0.16549888995954726	9.903838359696482e-4	0.009406748641105897	0.04563947660355665	0.09998454362806011
Rearrangement Signature 2	0.19061134535083535	0.18314186668978497	0.18124554034426305	0.0013976676260749811	0.44174623261409174	0.03881348742271451	0.12560540653556507	0.23817065613895827	0.3535909427737929
Rearrangement Signature 3	0.05691749506639612	0.07008000789220757	0.06214870195664937	7.389142379328161e-5	0.25382008814836937	0.00270636919744888	0.03408189388365587	0.09487195389449173	0.18236280998541363
Rearrangement Signature 4	0.0365453763530065	0.05268173158553865	0.04476548581478837	0.002918655052966177	0.2572984473960071	0.006849099901219236	0.026566807598484135	0.06943540279815653	0.13925545381038462
Rearrangement Signature 5	0.6135364685881564	0.6303897398913887	0.6275593838224177	0.33031328494606144	0.8875355250238495	0.4581539525765847	0.5787204369472523	0.6884458666254684	0.8019209985196849
Rearrangement Signature 6	0.011603512478610346	0.0330693556664531	0.026003379817895023	7.090040265345099e-5	0.1423212191023021	0.0019438529744141152	0.012127869934544233	0.046472915320745406	0.10514577080555637
