signature	mode_exposure	mean_exposure	median_exposure	0%	100%	2.5%	25%	75%	97.5%
Rearrangement Signature 1	0.45125249291585523	1.4705903171821004	1.060354182676693	0.014096797766331916	7.943946718058268	0.047538424126543105	0.45152393477308306	2.190694876970719	4.799258094146886
Rearrangement Signature 2	9.149344576840097	8.790809601109679	8.699785936524627	0.0670880460515991	21.203819165476403	1.8630473962902965	6.029059513707123	11.432191494669997	16.972365253142062
Rearrangement Signature 3	2.732039763187012	3.363840378825963	2.98313769391917	0.0035467883420775173	12.183364231121729	0.12990572147754623	1.6359309064154819	4.553853786935603	8.753414879299854
Rearrangement Signature 4	1.7541780649443117	2.528723116105855	2.1487433191098417	0.1400954425423765	12.35032547500834	0.32875679525852336	1.2752067647272385	3.332899334311514	6.684261782898463
Rearrangement Signature 5	29.449750492231505	30.258707514786654	30.122850423476052	15.855037677410948	42.601705201144775	21.991389723676065	27.77858097346811	33.04540159802248	38.49220792894487
Rearrangement Signature 6	0.5569685989732964	1.5873290719897488	1.248162231258961	0.0034032193273656475	6.831418516910501	0.09330494277187752	0.5821377568581232	2.2306999353957795	5.046996998666706
