signature	mode_exposure	mean_exposure	median_exposure	0%	100%	2.5%	25%	75%	97.5%
Rearrangement Signature 1	0.4878914902036787	1.5197117092527543	1.2120548615477391	1.6039125297141944e-4	7.935408959882069	0.03933796844446196	0.5353483247895243	2.1441415202675604	5.059063912430257
Rearrangement Signature 2	20.746775763385248	21.559378746041016	21.73339532954359	3.2859413497742396	37.29781679700602	9.58973620060019	17.59189007708031	25.5589858751878	32.064589044135744
Rearrangement Signature 3	0.5212281343150512	1.664347532823007	1.1966495477534418	0.0012270831141602315	12.685345283711607	0.04624052297766377	0.5016896411972005	2.3302085344714936	6.0075003693831395
Rearrangement Signature 4	0.28018562865200236	1.0491772891718854	0.7004656495933501	0.002176352125974722	7.798844490354375	0.01911178108729917	0.2807504908359384	1.4614545802104941	3.8775567989113577
Rearrangement Signature 5	42.66551552191875	43.152823555151286	42.90556999110663	26.827827921867577	65.84567540521728	32.29885077828572	38.89939360470759	47.032862305146615	54.458556910763434
Rearrangement Signature 6	0.3005352732941933	1.0545611675600521	0.7137431046127735	0.0028595161913547162	6.771296374525697	0.029276705727804834	0.30342814979742283	1.4920937096070839	3.910375222839522
