signature	mode_exposure	mean_exposure	median_exposure	0%	100%	2.5%	25%	75%	97.5%
Rearrangement Signature 1	0.006969878431481124	0.021710167275039348	0.017315069450681987	2.2913036138774205e-6	0.1133629851411724	5.619709777780279e-4	0.0076478332112789186	0.030630593146679437	0.07227234160614651
Rearrangement Signature 2	0.2963825109055035	0.3079911249434431	0.310477076136337	0.04694201928248914	0.5328259542429432	0.13699623143714557	0.2513127153868616	0.3651283696455401	0.4580655577733678
Rearrangement Signature 3	0.00744611620450073	0.023776393326042956	0.017094993539334885	1.752975877371759e-5	0.18121921833873725	6.60578899680911e-4	0.007166994874245722	0.033288693349592766	0.08582143384833056
Rearrangement Signature 4	0.004002651837885748	0.014988246988169791	0.010006652137047859	3.109074465678174e-5	0.11141206414791964	2.7302544410427385e-4	0.0040107212976562626	0.02087792257443563	0.05539366855587654
Rearrangement Signature 5	0.6095073645988394	0.6164689079307326	0.6129367141586661	0.38325468459810824	0.9406525057888183	0.4614121539755103	0.5557056229243942	0.6718980329306659	0.7779793844394777
Rearrangement Signature 6	0.004293361047059909	0.015065159536572172	0.010196330065896764	4.0850231305067375e-5	0.0967328053503671	4.182386532543547e-4	0.004334687854248898	0.02131562442295834	0.055862503183421744
