signature	mode_exposure	mean_exposure	median_exposure	0%	100%	2.5%	25%	75%	97.5%
Rearrangement Signature 1	0.004366932529748744	0.014203228368174777	0.009136836657428518	1.2426990456592453e-6	0.10148578981977249	6.361479763047915e-4	0.0040036063300093	0.01979283479975403	0.05077566051354665
Rearrangement Signature 2	0.28242257392412384	0.30002052392413753	0.2966231330709222	0.09574316459640472	0.5344589274057246	0.1501674020827847	0.24438646003859976	0.35492950312794186	0.4549714126503953
Rearrangement Signature 3	0.04386201101759552	0.06268841333217788	0.057149767857175335	0.0024532650567200406	0.23908226691202009	0.011412274238107567	0.0370943582869397	0.08355916954990605	0.14457403416049025
Rearrangement Signature 4	0.004130457661409341	0.013633616715389292	0.010090115311898637	1.8706600215700912e-5	0.08040181886046045	2.902393957464879e-4	0.004167348341941548	0.019182210435706063	0.04647096005880777
Rearrangement Signature 5	0.5965162878935849	0.5958866631533862	0.5966207327957227	0.3336806678762383	0.8482788572151386	0.4362486222167996	0.537345312980318	0.6538919685041781	0.7470304192753203
Rearrangement Signature 6	0.003715705613413993	0.013567554506734292	0.01056331676621497	3.928579946255173e-5	0.079936888975563	3.418602346128008e-4	0.004467765674775526	0.019016366608373525	0.04460693915045073
