signature	mode_exposure	mean_exposure	median_exposure	0%	100%	2.5%	25%	75%	97.5%
Rearrangement Signature 1	0.340620737320402	1.1078518127176327	0.7126732592794245	9.693052556142113e-5	7.915891605942255	0.04961954215177373	0.3122812937407254	1.5438411143808144	3.960501520056639
Rearrangement Signature 2	22.028960766081664	23.401600866082727	23.13660437953193	7.467966838519568	41.687796337646525	11.713057362457208	19.062143883010783	27.684501243979465	35.487770186730835
Rearrangement Signature 3	3.4212368593724505	4.889696239909875	4.457681892859677	0.19135467442416318	18.648416819137566	0.8901573905723903	2.8933599463812967	6.517615224892673	11.27677466451824
Rearrangement Signature 4	0.3221756975899285	1.0634221038003648	0.7870289943280937	0.0014591148168246711	6.271341871115915	0.022638672868226056	0.32505317067144074	1.496212413985073	3.624734884587006
Rearrangement Signature 5	46.52827045569963	46.479159725964124	46.53641715806637	26.027092094346585	66.16575086278081	34.02739253291037	41.91293441246481	51.00357354332589	58.26837270347499
Rearrangement Signature 6	0.2898250378462913	1.0582692515252747	0.8239387077647676	0.003064292358079035	6.235077340093914	0.026665098299798465	0.348485722632491	1.4832765954531348	3.4793412537351576
