signature	mode_exposure	mean_exposure	median_exposure	0%	100%	2.5%	25%	75%	97.5%
Rearrangement Signature 1	0.26011306184790006	0.8993033926122107	0.5964149048025325	5.149729999295271e-4	5.8079664010528695	0.017383127867996586	0.260166342793951	1.2697789760941582	3.4209169324730526
Rearrangement Signature 2	14.410433033411545	13.165871856291142	13.02657320637073	0.08887695127903686	32.14978870673233	2.259310496775118	8.838997873694648	16.93277873672067	25.635531141234754
Rearrangement Signature 3	3.0519407260607236	3.8275970921934066	3.4656685745372924	0.03885754837829556	13.935124394885833	0.4577627177562326	2.0695437861666695	5.108904104643358	9.78158155186725
Rearrangement Signature 4	0.40459766594543034	1.1521396617691086	0.8051592409926532	0.001985259414008989	10.210965028195368	0.040865188020397646	0.3993973855785694	1.5379276753376345	4.204874685156766
Rearrangement Signature 5	49.11379478960589	48.888536348928326	48.948823048207245	29.41024349781394	64.13977774921484	36.794970410999795	44.814018164503224	53.06128113543879	60.843268774281384
Rearrangement Signature 6	0.3411575749756536	1.0665516482058064	0.6934423832928991	0.005184135603608864	8.865688638415836	0.02475319901171402	0.31156490479985033	1.5124708406364018	3.986604660074366
