signature	mode_exposure	mean_exposure	median_exposure	0%	100%	2.5%	25%	75%	97.5%
Rearrangement Signature 1	0.0037697545195347834	0.013033382501626242	0.00864369427250047	7.463376810572857e-6	0.0841734261022155	2.519293893912549e-4	0.0037705267071587102	0.01840259385643708	0.049578506267725406
Rearrangement Signature 2	0.20884685555668908	0.19080973704769771	0.1887909160343584	0.001288071757667201	0.4659389667642367	0.03274363038804519	0.1281014184593427	0.24540259038725606	0.3715294368294892
Rearrangement Signature 3	0.04423102501537281	0.0554724216259914	0.050227080790395534	5.631528750477617e-4	0.2019583245635628	0.006634242286322212	0.02999338820531405	0.07404208847309215	0.14176205147633697
Rearrangement Signature 4	0.005863734289064211	0.016697676257523313	0.011668974507139902	2.8771875565347668e-5	0.14798500040862853	5.922491017448934e-4	0.005788367906935789	0.022288806888951223	0.06094021282835893
Rearrangement Signature 5	0.7117941273855926	0.7085295123033091	0.7094032325827138	0.42623541301179624	0.9295619963654325	0.5332604407391275	0.649478524123235	0.7690040744266492	0.8817865039750926
Rearrangement Signature 6	0.004944312680806574	0.015457270263852267	0.010049889612940566	7.513240005230237e-5	0.1284882411364614	3.58742014662522e-4	0.004515433402896382	0.021919867255600023	0.05777687913151255
