signature	mode_exposure	mean_exposure	median_exposure	0%	100%	2.5%	25%	75%	97.5%
Rearrangement Signature 1	0.2877140519232203	0.9190450143470942	0.6187070575200418	0.0013385965056751737	5.391130608123649	0.02216998554690829	0.27780431873775646	1.289526547175742	3.245927693869131
Rearrangement Signature 2	5.59343324492491	6.837354175925002	6.226127426025081	0.21077627780767616	27.123298155057764	1.0330780717353356	3.8453790227399915	9.231557579495792	15.795547699374747
Rearrangement Signature 3	3.6656163479958765	4.5396160608149385	4.052487501876339	0.04082181300527341	18.44639966854371	0.7056819474146722	2.610727260482322	6.016538952400302	11.0250643554898
Rearrangement Signature 4	0.41719358134129514	1.1422505867736878	0.8073396376169224	0.0026971597491814055	10.104412914903381	0.05471429601663313	0.40657128308803947	1.4961813995912645	4.244382778909961
Rearrangement Signature 5	45.756250007756364	44.51587286297366	45.0135998214824	22.244360112155462	55.61558892106466	34.575916831694286	41.61119850687323	47.74678435028606	52.400931326473895
Rearrangement Signature 6	0.2933496427226977	1.0458612991656193	0.7708998020700645	0.0014861385121197612	8.801626245772475	0.022960503679422272	0.30788019436064484	1.4158675207220033	3.862615385495463
