signature	mode_exposure	mean_exposure	median_exposure	0%	100%	2.5%	25%	75%	97.5%
Rearrangement Signature 1	0.00487650935463085	0.015577034141476173	0.010486560296949863	2.2688076367375826e-5	0.0913750950529432	3.7576246689675067e-4	0.004708547775216211	0.02185638215552105	0.05501572362490052
Rearrangement Signature 2	0.094803953303812	0.1158873589139831	0.10552758349195053	0.003572479284875867	0.459716917882335	0.017509797826022636	0.06517591563966087	0.15646707761857273	0.2677211474470296
Rearrangement Signature 3	0.0621290906439979	0.07694264509855828	0.06868622884536169	6.918951356826002e-4	0.31265084183972386	0.011960710973130038	0.044249614584446144	0.10197523648136106	0.18686549755067455
Rearrangement Signature 4	0.007071077649852452	0.01936017943684217	0.013683722671473261	4.571457202002382e-5	0.17126123584582004	9.273609494344597e-4	0.006891038696407448	0.025359006772733297	0.07193869116796545
Rearrangement Signature 5	0.7755296611484129	0.7545063197114179	0.7629423698556339	0.37702305274839765	0.9426371003570282	0.5860324886727846	0.7052745509639531	0.8092675313607808	0.8881513784148117
Rearrangement Signature 6	0.004972027842757588	0.017726462697722364	0.013066098340170584	2.5188788341012902e-5	0.14918010586055042	3.8916107931224184e-4	0.00521830837899398	0.02399775458850853	0.06546805738127903
