signature	mode_exposure	mean_exposure	median_exposure	0%	100%	2.5%	25%	75%	97.5%
Rearrangement Signature 1	0.2811880096389322	1.001490593489138	0.6725221689374733	0.0015296161195452903	5.787956740875552	0.014087483409531856	0.27809387525368023	1.400112778426112	3.8124019438139225
Rearrangement Signature 2	15.881037827443107	16.723596740629944	16.360239137751318	0.10929958826489308	37.72009866349229	2.9657712594822683	11.75576963609324	21.416841307236112	31.161104191551818
Rearrangement Signature 3	3.0346703676302704	4.755301247382575	4.430413696513014	0.059577678936003894	18.35107499228189	0.5672330202438007	2.5235879232736576	6.487181996605261	11.46433149383753
Rearrangement Signature 4	0.33380121617770264	1.1389910560869139	0.787573565802604	0.0030843941596262366	6.6928192481092434	0.033425294992416574	0.33481754160347577	1.534792278404614	4.283216226597538
Rearrangement Signature 5	83.09115671225541	82.29959070010598	82.46371973545465	63.66658917470623	104.41002951643377	68.30187158875198	77.32386713136826	87.38645061051903	96.53317405222057
Rearrangement Signature 6	0.3722620412252631	1.0810296623054458	0.774367128000164	0.0015101795107993476	6.596323101547835	0.042206492135077815	0.35980060205946923	1.5074144539031562	3.6741771452013636
