signature	mode_exposure	mean_exposure	median_exposure	0%	100%	2.5%	25%	75%	97.5%
Rearrangement Signature 1	23.37052390100037	22.40091560297194	22.34177636885295	3.381580854795735	44.431665857858945	11.332035927602425	17.98694087004198	26.26169696532732	35.41226545324205
Rearrangement Signature 2	226.15821798294152	225.4735024535578	225.55832309718195	183.08637285301606	257.5460724619126	201.57359377469675	217.24946087580523	233.7255253772255	249.24217974156346
Rearrangement Signature 3	13.223710001757642	14.956198003619777	14.357569619353278	2.9304309010966954	35.26652156417477	5.575860109791852	10.913511710507382	18.803882422344532	26.788874086315655
Rearrangement Signature 4	0.9283405918697842	2.8548734184155946	2.129017356418154	0.009629440764267949	16.219952770271924	0.08327171789385325	0.95681337538564315	4.047411366277534	9.154623428952043
Rearrangement Signature 5	75.36950068230178	75.97764767631863	75.69496709070737	43.97124911987486	114.3403569620697	55.43761255211761	68.32164353830197	83.08096475199157	99.35670210432639
Rearrangement Signature 6	2.506217668333799	4.3368628451162365	4.084824418415933	0.02839031175001505	16.434089507539532	0.35956434034319884	2.1991123034186164	5.943489982373386	10.255192066824526
