signature	mode_exposure	mean_exposure	median_exposure	0%	100%	2.5%	25%	75%	97.5%
Rearrangement Signature 1	0.034642735107217604	0.040480909629378135	0.039138008655867244	0.008115248797243298	0.08375863329793229	0.018835841405453906	0.03136722231951353	0.0485617086440939	0.06775834891081524
Rearrangement Signature 2	0.7276426165195031	0.721674146024228	0.723026036695808	0.6077152101903609	0.7960603243641714	0.6651715790689552	0.7027775163542967	0.7410760223706485	0.7732514724383739
Rearrangement Signature 3	0.07222705112149992	0.07814840878069289	0.07681732907921504	0.031245001523142035	0.1405077492315712	0.04656331422898192	0.06472024038808846	0.09104610403578042	0.11737616883437632
Rearrangement Signature 4	9.489449656236758e-4	0.0031814058436948865	0.002046750888478234	3.920164327850899e-6	0.02120058788977541	1.0930230210201854e-4	8.69486858308914e-4	0.004560585078380554	0.012006006849446707
Rearrangement Signature 5	0.15064439645442487	0.15318007203737527	0.15194182245280724	0.07740608223061321	0.248112522256497	0.10095419031192766	0.13392704814652492	0.1709135029886794	0.21112525969767673
Rearrangement Signature 6	9.821889981855947e-4	0.0033350576846308175	0.0022852687551918605	2.516596547308403e-5	0.021251261754453715	1.1705894068294864e-4	9.829964392656862e-4	0.004774313948243122	0.011692128484863085
