signature	mode_exposure	mean_exposure	median_exposure	0%	100%	2.5%	25%	75%	97.5%
Rearrangement Signature 1	13.164239340742693	15.382745659163692	14.872443289229553	3.083794542952453	31.82828065321427	7.157619734072485	11.91954448141514	18.453449284755685	25.74817258610979
Rearrangement Signature 2	276.50419427741116	274.23617548920663	274.74989394440706	230.93177987233713	302.5029232583851	252.76520004620298	267.0554562146328	281.60888850084643	293.83555952658213
Rearrangement Signature 3	27.446279426169976	29.696395336663297	29.190585050101717	11.873100578793974	53.39294470799705	17.694059407013132	24.593691347473616	34.597519533596554	44.60294415706301
Rearrangement Signature 4	0.3605990869369967	1.2089342206040568	0.777765337621729	0.0014896624445833416	8.056223398114655	0.041534874798767045	0.3304050061573873	1.7330223297846103	4.5622826027897485
Rearrangement Signature 5	57.244870652681456	58.2084273742026	57.73789253206675	29.41431124763302	94.28275845746886	38.362592318532506	50.89227829567946	64.94713113569817	80.22759868511714
Rearrangement Signature 6	0.37323181931052574	1.2673219201597106	0.868402126972907	0.009563066879771931	8.075479466692412	0.044482397459520484	0.3735386469209608	1.8142393003323862	4.443008824247972
