signature	mode_exposure	mean_exposure	median_exposure	0%	100%	2.5%	25%	75%	97.5%
Rearrangement Signature 1	0.06754486676589702	0.06474253064442757	0.06457160800246517	0.009773355071663974	0.1284152192423669	0.03275154892370643	0.05198537823711555	0.07590085828129284	0.10234758801515043
Rearrangement Signature 2	0.6536364681587906	0.6516575215420747	0.6519026679109305	0.5291513666272141	0.7443528105835625	0.5825826409673316	0.6278886152479921	0.6755072987781083	0.7203531206403568
Rearrangement Signature 3	0.03821881503398162	0.043226005790808604	0.04149586595188808	0.008469453471377732	0.1019263629022392	0.016115202629456222	0.03154194135984793	0.054346480989435064	0.07742449157894699
Rearrangement Signature 4	0.0026830652944213433	0.008251079243975707	0.006153229353809694	2.783075365395361e-5	0.04687847621465874	2.4066970489552966e-4	0.0027653565762590844	0.011697720711784779	0.0264584492166244
Rearrangement Signature 5	0.21783092682746177	0.21958857709918678	0.2187715811870155	0.12708453502854006	0.33046345942794714	0.16022431373444396	0.19746139750954325	0.24011839523696987	0.2871580985674173
Rearrangement Signature 6	0.00724340366570462	0.012534285679526695	0.011805850920277264	8.205292413299148e-5	0.04749736851890038	0.0010392032957895919	0.0063558159058341515	0.017177716712061808	0.02963928343012869
