signature	mode_exposure	mean_exposure	median_exposure	0%	100%	2.5%	25%	75%	97.5%
Rearrangement Signature 1	0.004367605137436363	0.01578751720058122	0.010255816336311964	1.0404320862026492e-5	0.11959341732012085	4.3705951233345545e-4	0.004330504020726827	0.022219829181184356	0.06142591027423343
Rearrangement Signature 2	0.028460356874660142	0.06644386437652064	0.05479468305676169	2.0740315090408004e-5	0.3019320012529937	0.002069305048741587	0.02632690305736263	0.0942128771667494	0.20111066512619943
Rearrangement Signature 3	0.04516724781336204	0.07342259457821353	0.06639880678966878	4.3687122855634336e-4	0.2794782762067767	0.008485779005843828	0.03973819758641772	0.09955157931307325	0.17687165368539276
Rearrangement Signature 4	0.004586540686079976	0.016008201024869172	0.011206812093572487	8.135843984054459e-6	0.1525020204415216	3.558699337371536e-4	0.00439837512717391	0.022387529677039074	0.0569992462361669
Rearrangement Signature 5	0.8408813594492135	0.8120123119827629	0.8205847498172631	0.5690373859657711	0.9638389313933381	0.65340887837376	0.7701753148766938	0.8609147589051409	0.9288711581455443
Rearrangement Signature 6	0.004363258108161485	0.016325510837052516	0.011295213676473626	1.9840715353880434e-5	0.10680865496033498	2.3694582399615418e-4	0.004434573158578897	0.022244140152605035	0.06165790752784283
