signature	mode_exposure	mean_exposure	median_exposure	0%	100%	2.5%	25%	75%	97.5%
Rearrangement Signature 1	0.2838943339333635	1.0261886180377793	0.6666280618602776	6.76280856031722e-4	7.773572125807855	0.028408868301674606	0.28148276134724376	1.4442888967769831	3.9926841678251725
Rearrangement Signature 2	1.8499231968529086	4.318851184473842	3.5616543986895097	0.0013481204808765202	19.62558008144459	0.13450482816820322	1.711248698728571	6.123837015838712	13.072193233202965
Rearrangement Signature 3	2.935871107868533	4.772468647583879	4.31592244132847	0.028396629856162318	18.166087953440485	0.5515756353798488	2.582982843117152	6.470852655349762	11.49665748955053
Rearrangement Signature 4	0.29812514459519857	1.0405330666164962	0.7284427860822116	5.288298589635398e-4	9.912631328698906	0.023131545692914986	0.2858943832663042	1.45518942900754	3.704951005350848
Rearrangement Signature 5	54.657288364198884	52.78080027887959	53.3380087381221	36.987430087775124	62.64953054056698	42.4715770942944	50.06139546698509	55.959459328834164	60.376625279460384
Rearrangement Signature 6	0.28361177703049645	1.0611582044084136	0.7341888889707857	0.0012896464980022282	6.942562572421774	0.015401478559750022	0.2882472553076283	1.4458691099193275	4.007763989309784
