signature	mode_exposure	mean_exposure	median_exposure	0%	100%	2.5%	25%	75%	97.5%
Rearrangement Signature 1	0.07620449870157714	0.08011802055633566	0.07920495265531571	0.03759775489301852	0.14000560493870687	0.049617637056622525	0.06948945229533068	0.0908277376920303	0.11418464681130347
Rearrangement Signature 2	0.3511230293167991	0.342455064627055	0.343307177232654	0.2417256808218573	0.4375008744079132	0.2771708453193511	0.32032322389055845	0.363674236359808	0.40382243442657145
Rearrangement Signature 3	0.0717620417469231	0.07717537974689229	0.0759065852506177	0.03942812379920951	0.13405009938717025	0.04813014804919446	0.0664641421771887	0.08745899635786339	0.11162763016269114
Rearrangement Signature 4	0.09124742730502126	0.09864910234041374	0.09637032856281474	0.041988324799394745	0.1754752869693784	0.05972690019249218	0.08202296339609993	0.11368559883154475	0.15149467905409117
Rearrangement Signature 5	0.2185680810758095	0.22591763190946446	0.22354120222223867	0.13663780983434498	0.3450680683235443	0.17223385250287301	0.20597274205541577	0.2455077032277551	0.28396503909766996
Rearrangement Signature 6	0.18172980841138642	0.1756848008198389	0.17573513487754297	0.07756546018969646	0.2561790016372967	0.11739989744886624	0.15540470554509883	0.19466953698411735	0.232268975004003
