signature	mode_exposure	mean_exposure	median_exposure	0%	100%	2.5%	25%	75%	97.5%
Rearrangement Signature 1	37.34020436377279	39.25783007260447	38.8104268011047	18.422899897579075	68.60274641996637	24.312642157745035	34.04983162471203	44.50559146909485	55.9504769375387
Rearrangement Signature 2	172.05028436523156	167.80298166725694	168.22051684400049	118.44558360271007	214.37542845987747	135.81371420648208	156.95837970637365	178.20037581630592	197.87299286902
Rearrangement Signature 3	35.163400455992324	37.81593607597722	37.19422677280268	19.319780661612658	65.68454869971342	23.583772544105283	32.56742966682246	42.854908215353056	54.697538779718656
Rearrangement Signature 4	44.71123937946042	48.33806014680273	47.221460995779225	20.574279151703426	85.98289061499541	29.26618109432117	40.19125206408897	55.70594342745693	74.23239273650469
Rearrangement Signature 5	107.09835972714664	110.69963963563758	109.53518908889694	66.95252681882904	169.0833534785367	84.39458772640779	100.92664360715372	120.29877458160001	139.14286915785826
Rearrangement Signature 6	89.04760612157932	86.08555240172106	86.11021608999606	38.007075492951266	125.52771080227537	57.52594974994445	76.14830571709844	95.38807312221749	113.81179775196148
