signature	mode_exposure	mean_exposure	median_exposure	0%	100%	2.5%	25%	75%	97.5%
Rearrangement Signature 1	0.08052381420951124	0.08507379381269221	0.08363977963284536	0.043368402112764416	0.1324055996642161	0.056956601982529526	0.07312405385652393	0.09634781640685476	0.11958262569106552
Rearrangement Signature 2	0.6500350398433494	0.6439008157441246	0.6429816410640903	0.5323753258372936	0.7388498618722045	0.5845342173177875	0.6218735945068977	0.6638334081709811	0.7070541229530755
Rearrangement Signature 3	0.04651555347948733	0.05043811576272653	0.04925895658176899	0.01888918495816174	0.10710306499867149	0.027491949840102364	0.04095160564689374	0.05896593349578865	0.07874832134682544
Rearrangement Signature 4	0.02290009986600191	0.026085310117574628	0.02462313243149794	0.0027151194748267025	0.085636558793198	0.008080518640890919	0.017482037886747445	0.03302207824380941	0.052985034141958195
Rearrangement Signature 5	0.16683830619112422	0.1713887785198726	0.1714745234631866	0.10163942145100932	0.25742938253896713	0.11995548197151092	0.1533537674904758	0.19051006627380154	0.21992552053352296
Rearrangement Signature 6	0.0196748470722828	0.02311318604300946	0.02223402103302824	7.166377509790212e-5	0.07264803871269486	0.0025602304061004876	0.014536450136539383	0.03147878647646029	0.04708115079576171
