signature	mode_exposure	mean_exposure	median_exposure	0%	100%	2.5%	25%	75%	97.5%
Rearrangement Signature 1	38.81247844898442	41.00556861771764	40.314373783031456	20.903569818352448	63.819499038152166	27.45308215557923	35.24579395884453	46.43964750810399	57.638825583093585
Rearrangement Signature 2	313.3168892044944	310.36019318866806	309.91715099289155	256.6049070535755	356.12563342240253	281.7454927471736	299.7430725523247	319.96770273841287	340.80008726338235
Rearrangement Signature 3	22.420496777112895	24.311171797634188	23.74281707241265	9.104587149833959	51.62367732935966	13.25111982292934	19.738673921802782	28.42157994497013	37.95669088916986
Rearrangement Signature 4	11.037848135412922	12.57311947667097	11.868349831982009	1.3086875868664707	41.27682133832143	3.8948099849094233	8.426342261412268	15.916641713516135	25.538786456423853
Rearrangement Signature 5	80.41606358412187	82.6093912465786	82.65072030925595	48.99020113938649	124.08096238378216	57.81854231026826	73.91651593040933	91.82585194397235	106.00410089715807
Rearrangement Signature 6	9.483276288840308	11.14055567273056	10.71679813791961	0.03454193959718882	35.016354659518925	1.2340310557404348	7.006568965811983	15.17277508165386	22.693114683557148
