signature	mode_exposure	mean_exposure	median_exposure	0%	100%	2.5%	25%	75%	97.5%
Rearrangement Signature 1	0.002663418032387065	0.010011235426248764	0.006850699552854233	2.1970924057331045e-5	0.07247852421263082	2.785954181757792e-4	0.0027075369926572676	0.013933250846112017	0.03554684781868895
Rearrangement Signature 2	0.1257067263719175	0.1463987310353106	0.14103533036715954	0.004050490005508617	0.3215290825288566	0.04549966322666042	0.10516049166993209	0.18577602733975837	0.2703476428176371
Rearrangement Signature 3	0.0876462543337739	0.09593456700564229	0.09194811278267728	0.012060189945089244	0.2514754924712248	0.037521369274338134	0.06787739840396448	0.11921092964711333	0.17485925837929603
Rearrangement Signature 4	0.015657006238405685	0.018028660282776044	0.016180526978603525	2.520136386284627e-5	0.07498095037365861	0.0023830834309427414	0.009105969860805356	0.024386377106447955	0.04768833603746104
Rearrangement Signature 5	0.7390162780418388	0.7205496372088579	0.7262287398019462	0.5269477525544665	0.8905722407473371	0.602475572543984	0.680625555955232	0.7622331392316917	0.8311194275815283
Rearrangement Signature 6	0.0022993483316401274	0.009077169041164401	0.006375807641999409	3.035027465736473e-5	0.07160858484477584	1.8629694324830693e-4	0.002381784887766497	0.012746083304732064	0.034119968374692736
