signature	mode_exposure	mean_exposure	median_exposure	0%	100%	2.5%	25%	75%	97.5%
Rearrangement Signature 1	0.34890776224270525	1.3114718408385881	0.8974416414239045	0.0028781910515103667	9.494686671854637	0.03649599978102708	0.35468734603810204	1.8252558608406741	4.656637064248252
Rearrangement Signature 2	16.46758115472119	19.178233765625688	18.4756282780979	0.5306141907216289	42.120309811280215	5.960455882692515	13.776024408761106	24.336659581508346	35.41554120911046
Rearrangement Signature 3	11.481659317724379	12.56742827773914	12.045202774530724	1.579884882806691	32.94328951373045	4.915299374938296	8.891939190919347	15.616631783771846	22.906562847687777
Rearrangement Signature 4	2.0510678172311447	2.3617544970436617	2.119649034197062	0.0033013786660328615	9.822504498949277	0.31218392945349915	1.1928820517655017	3.1946154009446825	6.247172020907397
Rearrangement Signature 5	96.81113242348088	94.39200247436038	95.13596491405495	69.03015558463511	116.66496353790116	78.9243000032619	89.16194783013539	99.85254123935161	108.87664501318021
Rearrangement Signature 6	0.30121463144485716	1.1891091443925366	0.8352308011019226	0.0039758859801147794	9.380724614665635	0.02440489956552821	0.3120138202974111	1.6697369129199005	4.469715857084748
