signature	mode_exposure	mean_exposure	median_exposure	0%	100%	2.5%	25%	75%	97.5%
Rearrangement Signature 1	0.06131148434175114	0.05927883763226825	0.05909673817277389	0.02265628712475337	0.12158369162529711	0.03372024064160896	0.04926049324618684	0.06801423899643669	0.09019232602789078
Rearrangement Signature 2	0.7133989038357511	0.706988493196735	0.7085944072655674	0.6195093496187961	0.7828142820230809	0.6488616039898685	0.6864592929704816	0.7279582462106942	0.7616637600250268
Rearrangement Signature 3	0.04993142959079415	0.05157999593304527	0.05032165721280313	0.01727415705287213	0.10087458140408367	0.026114984488943057	0.04089709112221039	0.06110518467005109	0.08537186230696671
Rearrangement Signature 4	0.014479128430826065	0.01630793114115784	0.015284856253435654	0.0025713266011828956	0.05774336624357592	0.0046438251540093746	0.010445109608495276	0.020617331076121116	0.03461978656339968
Rearrangement Signature 5	0.14958468317149531	0.1554045786956029	0.15400767638237595	0.08405839130054879	0.22905500140276494	0.10510242927116337	0.13595022622274205	0.1739838151896327	0.20762135093327394
Rearrangement Signature 6	0.0061814078758346165	0.010440163401190743	0.009264141352542457	1.0860439787735432e-4	0.04041778420464034	5.224860525969624e-4	0.004847795216099526	0.014472810803107757	0.028780976676080105
