signature	mode_exposure	mean_exposure	median_exposure	0%	100%	2.5%	25%	75%	97.5%
Rearrangement Signature 1	19.80186138880757	20.138260987180935	19.78576532689867	6.820082917752747	39.074216604486786	10.59273314790815	16.43604471101916	23.456548522829568	31.5705606775721
Rearrangement Signature 2	260.6693785660489	259.844317544487	260.4689470413539	218.32950942492312	291.6747447030472	235.63860936441046	252.57015297317278	267.4611479621692	281.85195251705704
Rearrangement Signature 3	17.708581688530735	20.45340946602919	19.886573525246476	7.921340314838761	41.67803851851164	10.358187332875131	16.31220045502493	24.205677918127726	32.62490448707376
Rearrangement Signature 4	0.35996529742225025	1.1128991498123348	0.7991809260809526	1.8162842278893613e-4	7.6315258139807645	0.018916938266734833	0.32547199352040246	1.6063284464879264	3.68562605265916
Rearrangement Signature 5	56.22132348194903	61.24440294325644	60.745741482464645	28.51584519662832	105.86524859974222	41.07680740657327	53.718729829244516	68.65657188066453	84.28137902559156
Rearrangement Signature 6	0.36776648488072905	1.2067099092341196	0.831845565786655	9.472494763078654e-4	9.210037763180742	0.03459104176844225	0.35158114468109053	1.7045755899675943	4.257771069451733
