signature	mode_exposure	mean_exposure	median_exposure	0%	100%	2.5%	25%	75%	97.5%
Rearrangement Signature 1	26.79311865734525	25.904852045301226	25.825274581502185	9.900797473517223	53.13207324025484	14.735745160383118	21.52683554858365	29.72222244144283	39.41404647418827
Rearrangement Signature 2	311.75532097622323	308.9539715269732	309.655755975053	270.7255857834139	342.08984124408636	283.5525209435725	299.9827110281004	318.1177535940733	332.8470631309367
Rearrangement Signature 3	21.820034731177046	22.540458222740785	21.990564201994967	7.54880663210512	44.082192073584565	11.412248221668115	17.872028820405944	26.702965700812328	37.307503828144455
Rearrangement Signature 4	6.32737912427099	7.126565908685976	6.67948218275138	1.1236697247169254	25.233851048442677	2.0293515923020964	4.564512898912435	9.009773680264928	15.128846728205662
Rearrangement Signature 5	65.36850654594345	67.91180088997847	67.30135457909829	36.73351699833982	100.09703561300827	45.92976159149839	59.41024885933828	76.03092723786949	90.7305303578407
Rearrangement Signature 6	2.701275241739728	4.562351406320355	4.048429771061054	0.04746012187240384	17.66257169742783	0.22832640498487258	2.1184865094354928	6.3246183209580895	12.577286807447006
