signature	mode_exposure	mean_exposure	median_exposure	0%	100%	2.5%	25%	75%	97.5%
Rearrangement Signature 1	0.04475856064271021	0.05237838997214538	0.050747243992710786	0.009748662653733685	0.1173897948726809	0.023351210859358762	0.04074170029200435	0.06260174626684165	0.09017471555845898
Rearrangement Signature 2	0.6491407297155172	0.6450451360607075	0.6461094769160901	0.5291914324957973	0.7720193355163826	0.5644059802980537	0.6185294089309573	0.6736453341147821	0.72285289301248
Rearrangement Signature 3	0.06650674321859565	0.0747051461237638	0.07229747929168429	0.017961302276366928	0.15787201275025864	0.032793702088848	0.05832049522577197	0.08891244563428785	0.12575092079073194
Rearrangement Signature 4	0.0012735134283767815	0.004168917713170358	0.002812910094224192	1.734119838041163e-5	0.03345803313736579	1.3747075986100165e-4	0.0012480522216497085	0.005984028217292025	0.015111661681876793
Rearrangement Signature 5	0.21617356499019957	0.21931203483911238	0.21714551983937308	0.11630708129059342	0.3491171412331931	0.1505549496897559	0.19198807809787025	0.24269536042369727	0.2991010972920957
Rearrangement Signature 6	9.608033784790221e-4	0.00439037529110064	0.003041320471468656	6.983022535766992e-6	0.029616153766938106	1.282958396863647e-4	0.00110419381570067	0.0056697227145484225	0.017577009420054163
