signature	mode_exposure	mean_exposure	median_exposure	0%	100%	2.5%	25%	75%	97.5%
Rearrangement Signature 1	12.219087055459882	14.29930046239569	13.853997610010044	2.661384904469296	32.047414000241886	6.3748805646049425	11.122484179717187	17.09027673084777	24.617697347459302
Rearrangement Signature 2	177.2154192123362	176.09732214457313	176.38788719809259	144.46926107135266	210.76127859597244	154.08283262136868	168.85852863815137	183.90517621333552	197.33883979240701
Rearrangement Signature 3	18.156340898676614	20.394504891787516	19.737211846629812	4.903435521448171	43.09905948082061	8.952680670255504	15.92149519663575	24.273097658160584	34.33000137586981
Rearrangement Signature 4	0.34766916594686115	1.1381145356955078	0.7679244557232043	0.0047341471578523754	9.13404304650086	0.03752951744205345	0.34071825651037035	1.633639703320723	4.125483639152365
Rearrangement Signature 5	59.015383242324475	59.87218551107768	59.28072691614885	31.751833192332004	95.30897955666171	41.10150126530336	52.41274532071857	66.25583339566936	81.65459956074211
Rearrangement Signature 6	0.26229932232477293	1.1985724544704748	0.8302804887109431	0.0019063651522643887	8.085209978374102	0.03502476423437756	0.3014449116862829	1.5478343010717193	4.798523571674786
