signature	mode_exposure	mean_exposure	median_exposure	0%	100%	2.5%	25%	75%	97.5%
Rearrangement Signature 1	4.833477432866189	6.283020982010803	5.590041286492969	0.40558464572907954	22.80981809554894	1.1431003895939813	3.561675856688335	8.248161891077515	15.10194338489992
Rearrangement Signature 2	254.8838430352331	252.03608536727538	252.96618921384945	207.43298632354654	284.04030054734875	227.38256914268206	243.47328232926276	260.70904638061273	274.62099250392043
Rearrangement Signature 3	21.59493701924105	23.925733863188437	23.138778553817566	5.985746185616127	58.909529952422446	12.280761195494856	18.89028922056542	28.13972579979638	38.94726929091525
Rearrangement Signature 4	0.6637352884443888	2.4517200043603298	1.8899712774561768	0.0030029963079718155	12.151826279465343	0.046548292028906854	0.7781873316852499	3.3898621629103523	8.105809618308639
Rearrangement Signature 5	81.1419342546385	82.48909736459572	81.71571184027351	51.121519001670116	117.17922122992897	60.38415367346437	73.98581497683823	90.78431832997619	107.12906574361703
Rearrangement Signature 6	2.0535695525565325	3.814342418569334	3.149008900485612	0.1088466622789655	15.64415791714403	0.4105780757242827	1.8067688756683522	5.207828597497155	10.014984418826462
