signature	mode_exposure	mean_exposure	median_exposure	0%	100%	2.5%	25%	75%	97.5%
Rearrangement Signature 1	18.937665946065728	19.45677611258338	19.0843492869309	6.7454399829846805	40.49632339930041	9.787316598485926	15.429007034563407	22.863123068994305	31.99957233324557
Rearrangement Signature 2	196.59643687402314	195.34152254546822	195.82188837346433	155.92709054699102	228.53471353953952	173.24025438518126	188.4896894043579	202.54254966393398	214.62369764889428
Rearrangement Signature 3	9.409409223828767	11.609920182675756	11.091860918939172	2.3953202115806906	32.01841083032915	4.245851033870484	8.331693832180894	14.106485475036283	21.91937682014052
Rearrangement Signature 4	0.8650178495238854	3.7122082836504466	3.0322584691601997	0.006918254490255876	18.433160120958252	0.10671698154930202	1.078501353143591	5.5702934229523215	11.601958839584148
Rearrangement Signature 5	55.63408131785903	58.37295859290833	57.83836625147327	28.93521739602732	95.16117086023459	40.19629810042365	51.046357412419965	65.70925270534943	78.75726202496969
Rearrangement Signature 6	4.124221894248931	5.506614282713864	4.933170176036464	0.014852264458673103	19.39949408736669	0.27465775732696585	2.6341961135377625	7.739530921579208	14.398330105827846
