signature	mode_exposure	mean_exposure	median_exposure	0%	100%	2.5%	25%	75%	97.5%
Rearrangement Signature 1	0.05123580067580356	0.054153795244624	0.052922670263561206	0.017564643313275646	0.09940079961854538	0.03123273570695372	0.04568108644332967	0.06166218487725991	0.08518618508004235
Rearrangement Signature 2	0.661552779389804	0.6461921046276576	0.6473945087795454	0.5453975490204601	0.7394183542328371	0.5884559900048982	0.6244901222115934	0.6676282333321858	0.6989032557491465
Rearrangement Signature 3	0.0671232543258582	0.06700273091445291	0.06628897771024506	0.02366220228685643	0.12014491180312806	0.038357799126909675	0.05567301501037914	0.07709589564718247	0.10036999128819186
Rearrangement Signature 4	0.001658907060702828	0.0051091462313070995	0.0041716856791299455	1.9187557402220485e-5	0.02584201970183989	2.495723242209838e-4	0.0017459471885741163	0.0073312826169827025	0.014713983737518236
Rearrangement Signature 5	0.216919998951992	0.2207407227378994	0.2201676074867952	0.14816466314077548	0.317183888373905	0.16887722350942197	0.20135233956027143	0.2392218064745173	0.27777977614807486
Rearrangement Signature 6	0.0033760447690865266	0.006801500244058933	0.006213157743534897	7.982208762283283e-5	0.025860407496250598	4.910862430937087e-4	0.0031539213243170286	0.009454628035615857	0.01728977531919633
