signature	mode_exposure	mean_exposure	median_exposure	0%	100%	2.5%	25%	75%	97.5%
Rearrangement Signature 1	25.259249733171153	26.697821055599633	26.090876439935677	8.659369153444894	49.00459421194287	15.397738703528184	22.520775616561526	30.39945714448914	41.99678924446088
Rearrangement Signature 2	326.1455202391734	318.5727075814352	319.1654928283159	268.88099166708685	364.5332486367887	290.1088030724149	307.87363025031556	329.14071903276755	344.55930508432925
Rearrangement Signature 3	33.091764382648094	33.032346340825285	32.68046601115081	11.665465727420221	59.231441518942134	18.910394969566468	27.446796400116916	38.00827655406097	49.48240570507859
Rearrangement Signature 4	0.8178411809264947	2.5188090920343997	2.0566410398110633	0.009459465799294698	12.740115713007066	0.12303915584094503	0.8607519639670393	3.6143223301724725	7.25399398259649
Rearrangement Signature 5	106.94155948333204	108.82517630978441	108.54263049099004	73.04517892840231	156.37165696833515	83.25647119014502	99.26670340321381	117.93635059193701	136.9454296410009
Rearrangement Signature 6	1.664390071159658	3.353139620321054	3.0630867675627043	0.039352289198056584	12.749180895651545	0.24210551784519838	1.554883212888295	4.661131621558617	8.523859232363789
