signature	mode_exposure	mean_exposure	median_exposure	0%	100%	2.5%	25%	75%	97.5%
Rearrangement Signature 1	0.06441382974852287	0.06617951058701829	0.06491275267663572	0.02294367341151252	0.1377425965962599	0.033290192511856886	0.05247961576382111	0.07776572472447044	0.1088420827661414
Rearrangement Signature 2	0.6686953635170855	0.6644269474335653	0.6660608448077019	0.530364253561194	0.7773289576174813	0.5892525659359907	0.6411213925318296	0.6889202369521562	0.7300125770370555
Rearrangement Signature 3	0.03200479327832913	0.03948952443086992	0.03772741809162984	0.008147347658437724	0.10890615928683385	0.014441670183232941	0.028339094667281954	0.04798124311236831	0.0745557034698657
Rearrangement Signature 4	0.0029422375834145757	0.012626558787926689	0.010313804316871428	2.3531477858013185e-5	0.06269782354067432	3.629829304398028e-4	0.0036683719494679965	0.01894657626854531	0.039462445032599144
Rearrangement Signature 5	0.18923156910836403	0.1985474782071712	0.196729136909773	0.09841910678920857	0.32367745190555985	0.13672210238239332	0.17362706602863934	0.22350085954200485	0.2678818436223459
Rearrangement Signature 6	0.014027965626697048	0.018729980553448516	0.01677949039468185	5.051790632201736e-5	0.06598467376655337	9.34210058935258e-4	0.00895985072631892	0.02632493510741227	0.04897391192458451
