signature	mode_exposure	mean_exposure	median_exposure	0%	100%	2.5%	25%	75%	97.5%
Rearrangement Signature 1	17.681467249927444	17.855900840506198	17.51164118170707	5.696642646998102	39.59483919105942	8.821810605189375	14.016680974748088	21.140070055070133	29.166990091729776
Rearrangement Signature 2	280.4293791188236	278.29352190301995	278.55014773257926	240.65433881163003	309.3953576622418	255.53833693563024	270.33741226892727	286.1494703848397	299.5749980570807
Rearrangement Signature 3	27.546731297230277	28.27645889284339	27.992623792756454	9.242924833469232	54.449770000686314	14.894298956404445	23.141697203244355	32.98252293416028	44.67034984248428
Rearrangement Signature 4	0.957555663027083	2.4087134149930653	1.8187633623104658	0.009038948014353562	12.735159234716438	0.0644685292704744	0.8881292697073501	3.509257741186813	7.862457049081903
Rearrangement Signature 5	66.18414804433581	69.73875378594346	68.63976090778763	42.125670443621146	108.04006965170241	49.09139335706709	61.742303618527465	77.80183359865343	91.9471005839956
Rearrangement Signature 6	3.8496189315701335	4.426651162693923	4.07923238237937	0.008855412785208905	15.627391087364355	0.4424136311412049	2.543205501930467	5.947536597534105	10.383770574177968
