signature	mode_exposure	mean_exposure	median_exposure	0%	100%	2.5%	25%	75%	97.5%
Rearrangement Signature 1	0.06055997595626818	0.06565817701006145	0.0649482153092823	0.023140145120413676	0.1437067143896875	0.03249614917716455	0.05250565806943748	0.07797767167949095	0.10444513689900463
Rearrangement Signature 2	0.6918589673322428	0.6822161950667878	0.6832457046754634	0.5542036047181342	0.7919872069001792	0.6025788469382178	0.6549344539549351	0.7094859345402853	0.760684762551696
Rearrangement Signature 3	0.05414224113838435	0.06527055815622651	0.06430353434321608	0.014347744441439523	0.14455523267889905	0.029800083040982386	0.048731216846102175	0.07950381841058213	0.10986283390097479
Rearrangement Signature 4	0.006286996413371135	0.012961884504867868	0.011072907272167622	8.717947241491367e-6	0.06611243706820456	4.483646914825004e-4	0.005479814145363408	0.018837544015726307	0.03749079463710544
Rearrangement Signature 5	0.1404709647107883	0.15548688097282304	0.15262930025344326	0.059288610758946175	0.2895920920755825	0.09224182176615357	0.12755331245468923	0.18121330374062422	0.22772167921847486
Rearrangement Signature 6	0.012274855537483016	0.01840630428923333	0.016872573152509618	3.547909987089426e-5	0.06360007553266395	0.0011081877948023817	0.00946190169926086	0.025190271871566805	0.045442945466709295
