signature	mode_exposure	mean_exposure	median_exposure	0%	100%	2.5%	25%	75%	97.5%
Rearrangement Signature 1	0.044093434538472434	0.04452843102370623	0.04366992813393285	0.014206091389022698	0.09874024735925042	0.021999527693739092	0.034954316645257076	0.052718379189701084	0.07273563613897699
Rearrangement Signature 2	0.6993251349596599	0.6939988077382044	0.694638772400447	0.600135508258429	0.7715594954170618	0.637252710562669	0.6741581353339832	0.7135897017078296	0.7470698205912236
Rearrangement Signature 3	0.06869509051678371	0.07051486008190372	0.06980704187719813	0.023049687864013048	0.1357849625952277	0.03714289016559712	0.05770996808789115	0.08225068063381616	0.11139738115332738
Rearrangement Signature 4	0.002387919359169783	0.006006766620930337	0.004535569482070987	2.254101749215352e-5	0.031758501832210566	1.607693996769935e-4	0.002214786208746509	0.008751266187498288	0.019607124810678063
Rearrangement Signature 5	0.16504775073400452	0.1739121042043478	0.17117147358550533	0.10505154724095049	0.26942660761023046	0.12242242732435683	0.15397083196640265	0.1940195351587367	0.22929451517205887
Rearrangement Signature 6	0.009600047210898084	0.01103903033090754	0.010172649332616884	2.2083323653887543e-5	0.038971050093177945	0.0011032758881326808	0.0063421583589288455	0.014831762088613731	0.025894689711167002
