signature	mode_exposure	mean_exposure	median_exposure	0%	100%	2.5%	25%	75%	97.5%
Rearrangement Signature 1	15.745593748629723	17.071126022615978	16.8865359804134	6.016437731307556	37.363745741318745	8.448998786062782	13.651471098053745	20.274194636667648	27.155735593741202
Rearrangement Signature 2	179.88333150638314	177.37621071736484	177.6438832156205	144.0929372267149	205.9166737940466	156.6705002039366	170.28295802828313	184.46634298047417	197.77803826344098
Rearrangement Signature 3	14.076982695979932	16.97034512061889	16.718918929236178	3.730413554774276	37.58436049651375	7.748021590655421	12.670116379986567	20.670992786751352	28.564336814253444
Rearrangement Signature 4	1.6346190674764949	3.370089971265646	2.878955890763582	0.0022666662827877555	17.189233637733185	0.11657481978545012	1.4247516777944864	4.89776144408884	9.747606605647414
Rearrangement Signature 5	36.522450824804956	40.426589052933984	39.683618065895246	15.415038797326005	75.29394393965146	23.98287365919993	33.1638612382192	47.1154589725623	59.20763659680347
Rearrangement Signature 6	3.1914624397455835	4.785639115200666	4.386869019652501	0.009224565966432507	16.536019638492625	0.2881288266486192	2.460094441807823	6.549470686607369	11.815165821344417
