signature	mode_exposure	mean_exposure	median_exposure	0%	100%	2.5%	25%	75%	97.5%
Rearrangement Signature 1	0.5998865361650723	1.5365423579323836	1.1661158852283466	0.0016629948157443255	8.2022119076623	0.04973311216480712	0.5699758859439044	2.1375675744229774	5.132719328058307
Rearrangement Signature 2	21.456029273122486	21.821593238384814	21.837030750234156	4.149564480457082	40.613979437504696	9.591379498465438	17.764474707025645	25.91498131068953	33.28370648440898
Rearrangement Signature 3	0.47077731185463667	1.6392231258859127	1.159315956084846	0.0026898487837727072	9.927691138516202	0.04971703798631962	0.4732345114535865	2.309847539871054	5.96850839034283
Rearrangement Signature 4	0.28847370841324294	1.158093056227002	0.7796033815539702	0.002850552808747558	8.169980117441868	0.04029169068811692	0.27759224623468104	1.6610991927563954	4.143846483669907
Rearrangement Signature 5	41.60575647723003	42.80613170676145	42.53363269719496	27.38787914180242	62.224475995797334	31.64661816658778	38.51403625685771	46.803952730793554	55.56753550559422
Rearrangement Signature 6	0.30425250925040537	1.0384165148084379	0.710022084269632	0.002204730644852493	7.70771880999935	0.036503845825540115	0.2809369480185672	1.424605340752345	3.9594222828416186
