signature	mode_exposure	mean_exposure	median_exposure	0%	100%	2.5%	25%	75%	97.5%
Rearrangement Signature 1	0.008569807659501029	0.021950605113319765	0.01665879836040495	2.3757068796347508e-5	0.11717445582374714	7.10473030925816e-4	0.008142512656341491	0.030536679634613963	0.07332456182940439
Rearrangement Signature 2	0.3065147039017498	0.3117370462626402	0.3119575821462022	0.059279492577958316	0.5801997062500671	0.1370197071209348	0.2537782101003664	0.3702140187241362	0.4754815212058426
Rearrangement Signature 3	0.006725390169351952	0.02341747322694161	0.0165616565154978	3.842641119675296e-5	0.14182415912166002	7.102433998045661e-4	0.006760493020765522	0.032997821998157914	0.08526440557632614
Rearrangement Signature 4	0.004121052977332042	0.0165441865175286	0.011137191165056718	4.0722182982107975e-5	0.11671400167774097	5.755955812588131e-4	0.0039656035176383	0.023729988467948503	0.0591978069095701
Rearrangement Signature 5	0.5943679496747147	0.6115161672394492	0.6076233242456424	0.3912554163114631	0.8889210856542477	0.45209454523696824	0.5502005179551102	0.6686278961541937	0.7938219357942031
Rearrangement Signature 6	0.004346464417862933	0.014834521640120541	0.010143172632423314	3.1496152069321326e-5	0.11011026871427643	5.214835117934302e-4	0.0040133849716938175	0.02035150486789064	0.056563175469165984
