signature	mode_exposure	mean_exposure	median_exposure	0%	100%	2.5%	25%	75%	97.5%
Rearrangement Signature 1	0.0039047410397429075	0.012662699751828899	0.008727170129513333	6.1317749873538416e-6	0.0968761777677032	3.210479462577666e-4	0.0037575522720540273	0.017377961708131353	0.04552613852669577
Rearrangement Signature 2	0.18242423166757327	0.18365544539660192	0.18294927334886574	0.014200535573749189	0.491423505352778	0.047001594077185994	0.1288063468711073	0.23480199612041391	0.33814625713167645
Rearrangement Signature 3	0.05855549724010416	0.06474971692731514	0.06042680435486247	0.0013887113672826016	0.2573214942199104	0.009089209255615944	0.036222034346097935	0.08532223630653925	0.14490770864570746
Rearrangement Signature 4	0.00805949180897911	0.02061147027284655	0.01623790160240099	1.3368689993281462e-4	0.09407527445306609	0.001254218035826567	0.007832150439402427	0.0296365293311699	0.061447556990235554
Rearrangement Signature 5	0.6916849237258347	0.6986059368691493	0.6974727787454831	0.4453357274647967	0.9392309306948318	0.5302601487824294	0.6423741743706136	0.7592600557667022	0.8495159683532972
Rearrangement Signature 6	0.005765805937679516	0.019714730782258143	0.014605341741477875	6.779980439186595e-6	0.10508276079882561	6.923748095996913e-4	0.005790858983376085	0.028264091666930863	0.06266767124135839
