signature	mode_exposure	mean_exposure	median_exposure	0%	100%	2.5%	25%	75%	97.5%
Rearrangement Signature 1	0.3084745421396895	1.000353280394483	0.6894464402315534	4.844102240009535e-4	7.653218043648553	0.025362787754363566	0.29684662949226814	1.372858974942377	3.5965649436089664
Rearrangement Signature 2	14.41151430173829	14.508780186331553	14.452992594560392	1.1218423103261859	38.82245692286946	3.713125932097693	10.175701402817479	18.549357693512697	26.71355431340244
Rearrangement Signature 3	4.625884281968227	5.115227637257896	4.7737175440341355	0.10970819801532553	20.32839804337292	0.7180475311936597	2.8615407133417365	6.740456668216601	11.44770898301089
Rearrangement Signature 4	0.6366998529093496	1.6283061515548773	1.2827942265896781	0.010561265094692355	7.431946681792221	0.0990832248302988	0.6187398847127917	2.3412858171624222	4.854357002228609
Rearrangement Signature 5	54.64310897434093	55.1898690126628	55.10034952089316	35.18152246971894	74.19924352489171	41.89055175381192	50.747559775278475	59.98154440556948	67.11176149991049
Rearrangement Signature 6	0.45549866907668146	1.5574637317983933	1.153821997576752	5.35618454695741e-4	8.301538103107223	0.05469760995837561	0.45747785968671073	2.232863241687538	4.950746028067313
