signature	mode_exposure	mean_exposure	median_exposure	0%	100%	2.5%	25%	75%	97.5%
Rearrangement Signature 1	15.801532846841303	16.808977888505453	16.50498299397096	4.342140424227766	36.5838110228565	7.510735283546211	13.203584893627971	19.94001612633095	27.752545354015133
Rearrangement Signature 2	212.52874450069623	215.1929411815795	215.09064739127956	175.78806618667795	247.71775189438677	192.3808510691609	207.41086048422358	223.51693542211103	234.95610678328728
Rearrangement Signature 3	13.16192300946913	15.439442731959604	14.960579164067742	2.5880670043812812	39.757292701314555	6.559800756774086	11.638346624955554	18.788833582042866	27.326275992384502
Rearrangement Signature 4	0.3273307002935243	1.1431495308293653	0.8132473878809388	1.76459721720885e-4	7.455066853226669	0.02836888589182692	0.33883968178062884	1.5241814651584644	4.42292996520358
Rearrangement Signature 5	60.80652154392309	59.27781435459796	59.395476709502326	29.593466871375508	101.79493791400525	40.292501978802456	51.389792456154254	66.17275471319537	81.4384765161664
Rearrangement Signature 6	0.33634571510715927	1.1376743125281281	0.8358205251369669	9.352931171805745e-4	6.306656808003505	0.025448149561751086	0.35299241291940775	1.611467735871409	3.965134782244603
