signature	mode_exposure	mean_exposure	median_exposure	0%	100%	2.5%	25%	75%	97.5%
Rearrangement Signature 1	0.04479118113283622	0.04861706645924588	0.04745964295591665	0.009965119433887398	0.1161777178940974	0.02163784008824349	0.036698904243658195	0.058801904564930056	0.08158782219482907
Rearrangement Signature 2	0.7506021148869605	0.7552701860836525	0.755335230480274	0.652953712320562	0.8379504872642142	0.6898047481865982	0.7355547194500027	0.7769765758882461	0.8174182690725934
Rearrangement Signature 3	0.060959710996958856	0.06123380546271552	0.060050342623599935	0.010494495090963127	0.14450493061369044	0.028041157649818245	0.04767651548591487	0.07316555847583267	0.10130051094071185
Rearrangement Signature 4	0.0010937300175521292	0.003874716472743398	0.0025653804298706212	1.0112481513251395e-5	0.026248261792568783	1.1509190359488313e-4	0.0010738587660261815	0.005556648816808841	0.015181444744477435
Rearrangement Signature 5	0.12585613398364298	0.1274357848467906	0.12572074050034074	0.055844879512179174	0.23178382774294223	0.07174982767282191	0.10703841270068326	0.14481268362136004	0.19087455018863803
Rearrangement Signature 6	0.0011240115580697678	0.0035684406748520817	0.002508388257387785	2.1536429261753698e-5	0.03157148117660653	1.3075536402409746e-4	0.0011154167596651096	0.004959075596746451	0.011880479433634948
