signature	mode_exposure	mean_exposure	median_exposure	0%	100%	2.5%	25%	75%	97.5%
Rearrangement Signature 1	0.05113764675353172	0.0543979866941924	0.05341418444650796	0.01405223438261413	0.11839421042995632	0.024306586678143078	0.04273004819944328	0.06453079652534288	0.0898140626343532
Rearrangement Signature 2	0.6877952896462661	0.6964172853772799	0.6960862375122316	0.5688934180798639	0.8016755724737435	0.6225917510328832	0.6712325582013708	0.7233557780650843	0.7603757501077257
Rearrangement Signature 3	0.042595220095369354	0.04996583408401166	0.04841611379957198	0.008375621373402205	0.12866437767415714	0.02122912866269931	0.037664552184322186	0.060805286673277885	0.08843455013716667
Rearrangement Signature 4	0.0010593226546716005	0.0036995130447552275	0.0026318685691939766	5.710670605853884e-7	0.024126429945717377	9.180869220655961e-5	0.0010965685494518733	0.0049326261008364545	0.01431368920777858
Rearrangement Signature 5	0.19678485936544687	0.191837586908084	0.19221837122816288	0.09577173744781718	0.32943345603237945	0.1303964465333413	0.16631000794871928	0.2141513097514413	0.26355494018176834
Rearrangement Signature 6	0.0010884974598937198	0.0036817938916767897	0.0027049207933235175	3.0268385669274256e-6	0.020409892582535616	8.235647107362813e-5	0.0011423702683475978	0.00521510594133142	0.012832151398849847
