signature	mode_exposure	mean_exposure	median_exposure	0%	100%	2.5%	25%	75%	97.5%
Rearrangement Signature 1	13.930057332312064	15.119907668825467	14.759948959290078	3.099152143938981	36.13127026506429	6.729368267443727	11.4133592197777	18.287392319693247	25.37381270259184
Rearrangement Signature 2	233.43725772984473	234.88902787201593	234.9092566793652	203.06860453169477	260.6026015391706	214.52927668603203	228.75751774895085	241.63971510124458	254.21708168157653
Rearrangement Signature 3	18.958470120054205	19.043713498904527	18.675656555939582	3.2637879732895327	44.94103342085773	8.720800029093475	14.827396316119524	22.754488685983958	31.504458902561385
Rearrangement Signature 4	0.34015003545871225	1.2050368230231967	0.7978333136897632	0.0031449817506211835	8.163209417488892	0.035793582018008654	0.33397007623414243	1.7281177820275497	4.7214293155324825
Rearrangement Signature 5	39.14125766891297	39.632529087351884	39.099150295605966	17.367757528287722	72.08477042805504	22.314196406247614	33.28894634991249	45.03674460624297	59.361985108666424
Rearrangement Signature 6	0.34956759455969777	1.1097850498789974	0.7801087480476012	0.0066978295004054	9.818730645924632	0.04066491821149431	0.34689461225584906	1.5422725105881463	3.6948291038604695
