signature	mode_exposure	mean_exposure	median_exposure	0%	100%	2.5%	25%	75%	97.5%
Rearrangement Signature 1	0.0022255174665011014	0.00676736126383552	0.004594250138822979	3.943933776269174e-5	0.053370967754830356	2.748060421050453e-4	0.002114723822487166	0.009238432106852696	0.025136022910681597
Rearrangement Signature 2	0.28489384789006644	0.27759336102452176	0.27841979858381416	0.11332183126240815	0.4489286195567019	0.15813109164313996	0.22995129040004264	0.32326138553241285	0.40022301207252686
Rearrangement Signature 3	0.05925489007580183	0.06324494521433906	0.06073296341490934	0.007352810655070618	0.164136196384172	0.020068778679277924	0.04381333312070719	0.07974648047580188	0.12314468081141015
Rearrangement Signature 4	0.0019914695202782147	0.007382850210775878	0.00506469585239944	8.822743700657687e-6	0.05965894929860599	1.5609352020274516e-4	0.001994009167494791	0.010417651805814238	0.02777254109714641
Rearrangement Signature 5	0.6136213737199037	0.6380872923879601	0.6378723103385562	0.44954014122584346	0.8223102866188279	0.5036947674379374	0.593313311505888	0.6826869453208869	0.7617311908490114
Rearrangement Signature 6	0.0022887697414097274	0.006924189898567674	0.004668712481862791	4.2862920794251025e-5	0.04727917313973534	1.8206784543542412e-4	0.0021503183610848964	0.010032032136883362	0.026965072188122902
