signature	mode_exposure	mean_exposure	median_exposure	0%	100%	2.5%	25%	75%	97.5%
Rearrangement Signature 1	0.33827865490816744	1.028638912102999	0.6983260211010929	0.005994779339929144	8.112387098734214	0.041770518399966886	0.3214380210180492	1.40424168024161	3.8206754824236024
Rearrangement Signature 2	43.3038648792901	42.1941908757273	42.319809384739756	17.22491835188604	68.23715017261868	24.035925929757276	34.952596140806484	49.13573060092676	60.83389783502409
Rearrangement Signature 3	9.006743291521877	9.613231672579536	9.23141043906622	1.117627219570734	24.948701850394144	3.0504543592502444	6.659626634347493	12.121465032321886	18.717991483334345
Rearrangement Signature 4	0.30270336708228873	1.1221932320379335	0.7698337695647149	0.0013410570424999685	9.068160293388111	0.023726215070817267	0.3030893934592083	1.5834830744837642	4.221426246766255
Rearrangement Signature 5	93.27044880542536	96.98926844296994	96.95659117146053	68.3301014663282	124.99116356606184	76.56160465056648	90.18362334889497	103.76841568877481	115.78314100904973
Rearrangement Signature 6	0.34789300069427864	1.0524768645822866	0.7096442972431443	0.006515163960726156	7.186434317239772	0.027674312506184465	0.32684839088490425	1.524868884806271	4.098690972594681
