signature	mode_exposure	mean_exposure	median_exposure	0%	100%	2.5%	25%	75%	97.5%
Rearrangement Signature 1	0.003971226212799802	0.013391673469730291	0.009547403397506187	1.4589960785658789e-6	0.06823636464971222	4.188865319996884e-4	0.00400844678923755	0.018859004254688658	0.045424815100880624
Rearrangement Signature 2	0.13620286335960263	0.1501457629086805	0.1439849093201577	0.0028359377016633444	0.41452435161660023	0.00915331200331218	0.0938445641962397	0.2013153088792475	0.32534160568428416
Rearrangement Signature 3	0.09463067287140664	0.11777893901325547	0.10870314832896535	0.014677137288059925	0.29409592594660816	0.037405865102412734	0.0801623218916418	0.14992367427205	0.23917817620650908
Rearrangement Signature 4	0.0047117575317293155	0.0151332823903603	0.010394778058953977	5.5531811513712905e-5	0.09092051735716299	6.157351769838097e-4	0.004658963095831373	0.02054828464839295	0.0566105157135815
Rearrangement Signature 5	0.6907304582306728	0.6891773220992938	0.6920202377382543	0.38433613497800173	0.8970217530352662	0.51053419683604	0.6345560624643569	0.7468224711746267	0.8425653730375061
Rearrangement Signature 6	0.0049106877307236296	0.014373020118679585	0.009972740059206064	6.239643177696763e-7	0.10739754537807089	4.149897524227454e-4	0.004571330325143841	0.01942178882645154	0.054721148258049454
