signature	mode_exposure	mean_exposure	median_exposure	0%	100%	2.5%	25%	75%	97.5%
Rearrangement Signature 1	0.2859282873215857	0.9642004898205809	0.6874130446204454	1.0504771765674328e-4	4.91301825477928	0.030159830303977564	0.28860816882510365	1.3578483063375835	3.2705866872634055
Rearrangement Signature 2	9.806606161891391	10.810494929424996	10.366913471051355	0.2041875145197608	29.845753316395218	0.6590384642384769	6.756808622129259	14.49470223930582	23.42459560926846
Rearrangement Signature 3	6.813408446741276	8.480083608954393	7.826626679685505	1.0567538847403146	21.17490666815579	2.6932222873737173	5.77168717619821	10.794504547587598	17.220828686868654
Rearrangement Signature 4	0.3392465422845108	1.0895963321059414	0.74842402024468635	0.003998290428987329	6.546277249715735	0.044332932742834306	0.33544534289985883	1.4794764946842924	4.075957131377868
Rearrangement Signature 5	49.73259299260845	49.620767191149156	49.8254571171543	27.672201718416126	64.58556621853917	36.75846217219488	45.6880364974337	53.771217924573136	60.66470685870044
Rearrangement Signature 6	0.35356951661210123	1.03485744854493	0.7180372842628366	4.4925430879416695e-5	7.732623267221104	0.02987926217443767	0.32913578341035654	1.398368795504511	3.9399226745795604
