signature	mode_exposure	mean_exposure	median_exposure	0%	100%	2.5%	25%	75%	97.5%
Rearrangement Signature 1	0.2903399493926063	0.9234314236341395	0.6362940945121147	2.4815104124355924e-4	7.032828649982203	0.02266812771633631	0.27722882541962096	1.324600278338715	3.4902910149655066
Rearrangement Signature 2	1.229309849420515	3.765912761856259	2.812879567684372	0.003357064035535268	24.792435632462798	0.09396195184513047	1.2528564144829113	5.554974290275668	11.75133328438857
Rearrangement Signature 3	4.33241712475563	6.0376497951467165	5.59476707875391	0.3652034951107496	18.874793868733867	0.9948312822590792	3.6220841460890743	7.8601284017233635	13.96459758150923
Rearrangement Signature 4	0.3858594765510074	1.1171867912092668	0.7975226908611937	0.002484165566419052	5.586687674447086	0.043833962128383995	0.3738266556803413	1.6127745957530075	3.675924775286472
Rearrangement Signature 5	54.872565512332116	53.15151594636234	53.704288549994644	34.06042864085451	63.88571503777135	42.45987343677903	50.405532869168894	56.33702978726531	60.950023725336614
Rearrangement Signature 6	0.30368897767167546	1.004303281791279	0.6829297825544887	4.801476130962268e-4	7.2091234291898925	0.028459455191709632	0.29420851643294793	1.4323491598427416	3.8260280648289915
