signature	mode_exposure	mean_exposure	median_exposure	0%	100%	2.5%	25%	75%	97.5%
Rearrangement Signature 1	0.004399090142312212	0.013991385206577871	0.00964081961381992	3.7598642612660493e-6	0.10655800984821519	3.4345648055055016e-4	0.004200436748782135	0.02006970118695023	0.05288319719644707
Rearrangement Signature 2	0.01862590680940175	0.05705928427054938	0.04261938738915716	5.086460659901922e-5	0.37564296412822423	0.0014236659370474316	0.018982672946710778	0.08416627712538892	0.17805050430891772
Rearrangement Signature 3	0.06564268370841864	0.09147954235070782	0.08476919816293804	0.005533386289556812	0.28598172528384647	0.015073201246349685	0.054880062819531436	0.11909285457156611	0.21158481184104894
Rearrangement Signature 4	0.005846355705318294	0.0169270725940798	0.01208367713426051	3.7638872218470485e-5	0.08464678294616797	6.641509413391514e-4	0.005664040237580928	0.024435978723530413	0.05569582992858291
Rearrangement Signature 5	0.8314025077626077	0.8053259991873082	0.8137013416665855	0.5160671006190077	0.9679653793601719	0.6433314157087731	0.7637201949874076	0.8535913604131107	0.9234852079596457
Rearrangement Signature 6	0.004601348146540538	0.015216716390776954	0.010347420947795283	7.274963834791315e-6	0.10922914286651353	4.3120386654105507e-4	0.004457704794438605	0.021702259997617296	0.05797012219437865
