signature	mode_exposure	mean_exposure	median_exposure	0%	100%	2.5%	25%	75%	97.5%
Rearrangement Signature 1	0.5355913829781211	1.4912878390682425	1.1892472722556624	0.003376515202461136	8.08604106514449	0.06973694139836169	0.5672516656986826	2.0637404094492107	4.822423009468701
Rearrangement Signature 2	30.905327199899542	30.60043685532767	30.60636465943879	10.296002761650449	49.509431884032054	17.053434411622245	25.913735388383092	35.250557656480794	44.03074190920819
Rearrangement Signature 3	0.3747617526878362	1.427995399696345	0.9939662724283992	0.0016800382168165322	10.864037232814354	0.039955892413999335	0.40257375581281085	1.9655072713340347	5.246390739327458
Rearrangement Signature 4	0.27586671032986676	1.0619693519107782	0.6991707501913341	0.004140351934272946	6.763880751455713	0.022061993600691995	0.27389473289416877	1.4851831019330024	3.997477707052913
Rearrangement Signature 5	52.22813192033503	52.33104393673899	52.19264967885238	33.329138361763526	71.40768035259923	39.66424666366788	47.45803169151317	56.98955628687253	65.5212610276807
Rearrangement Signature 6	0.37658779334625836	1.087266617257975	0.7522043665834273	0.0020620015900076893	7.14588285436988	0.02436440183347568	0.3426686164821622	1.5297857114161266	3.796255020263949
