signature	mode_exposure	mean_exposure	median_exposure	0%	100%	2.5%	25%	75%	97.5%
Rearrangement Signature 1	0.006086265715660464	0.016946452716684574	0.013514173548359801	3.8369490937058365e-5	0.09188683028573284	7.924652431632011e-4	0.006446041655666848	0.023451595561922847	0.05480026147123524
Rearrangement Signature 2	0.35119689999885845	0.34773223699235983	0.3477995984027135	0.11700003138239147	0.5626071805003643	0.1937890274047982	0.2944742657770806	0.40057451882364536	0.5003493398773657
Rearrangement Signature 3	0.004258656280543595	0.01622722045109483	0.011295071277595445	1.9091343372915138e-5	0.12345496855470857	4.5404423197726516e-4	0.004574701770600124	0.022335309901523125	0.059618076583266566
Rearrangement Signature 4	0.003134848981021212	0.012067833544440661	0.00794512216126516	4.7049453798556204e-5	0.0768622812665422	2.5070447273513633e-4	0.0031124401465246446	0.016877080703784117	0.045425883034692194
Rearrangement Signature 5	0.5935014990947163	0.5946709538265794	0.5930982918051407	0.37874020865640373	0.8114509130977186	0.45073007572349866	0.5392958146762861	0.6476085941690061	0.7445597844054623
Rearrangement Signature 6	0.004279406742571119	0.012355302468840625	0.008547776892993492	2.343183625008738e-5	0.08120321425420318	2.7686820265313277e-4	0.003893961550933661	0.01738392853881962	0.04313926159390851
