signature	mode_exposure	mean_exposure	median_exposure	0%	100%	2.5%	25%	75%	97.5%
Rearrangement Signature 1	46.26549607090432	46.14749068883951	46.06382888086213	24.798718300963458	81.34546006847481	30.409999823497554	39.82138944181128	52.068456260882925	63.0903903741915
Rearrangement Signature 2	289.81728480148854	289.6219079650763	289.78246527256755	241.7417830999146	334.1072163539412	259.9998016268469	278.80933639916714	300.17356687787486	317.9909534567149
Rearrangement Signature 3	37.43271651771707	39.620413752749364	38.967526317617725	14.802847045933056	68.37167489707288	23.386547783725582	33.8985396405817	45.00286906880622	57.863150090224835
Rearrangement Signature 4	20.329569664474185	24.526177528069667	23.45453605604115	7.458392650023837	51.352173033843876	11.065079327128487	18.73504176961413	29.798306114402536	42.84201346232316
Rearrangement Signature 5	87.06497316965435	90.02504906077588	89.74653384726115	32.95318399893145	130.1251202726889	66.9740595322192	81.11505787261723	98.77471427262361	114.36027464277112
Rearrangement Signature 6	28.111521756188495	28.0589610044893	28.23074184062853	2.621572719875603	57.451499694845076	10.60921502063112	21.72409434125774	34.13491944949992	46.81990257112604
