signature	mode_exposure	mean_exposure	median_exposure	0%	100%	2.5%	25%	75%	97.5%
Rearrangement Signature 1	0.00347062674274944	0.010324056886203362	0.007072843915679023	3.8007385230244657e-6	0.07932902823129856	2.970917144280326e-4	0.003265331417257289	0.014191142334716883	0.03892760012654448
Rearrangement Signature 2	0.35439989810864825	0.3682793366923943	0.3685216511150423	0.16943023617550687	0.5611834816000005	0.23050630098233948	0.3251200860080563	0.4128852650737776	0.49804377063796446
Rearrangement Signature 3	0.004332793959239429	0.013539786110232944	0.009856133106789773	5.751611617618025e-6	0.07988961246872324	2.7637673734642724e-4	0.0044870029810690805	0.01833504265698307	0.04766701270553849
Rearrangement Signature 4	0.0028633732503920203	0.010235923748988617	0.007049266013494625	1.2109569437937408e-5	0.0649962528155763	2.6038344051640514e-4	0.002918644480643208	0.014720147815198176	0.03808405362277884
Rearrangement Signature 5	0.5687636525107229	0.5868108117785761	0.5849134706286852	0.3766596024360522	0.8210313412013591	0.44995310506124014	0.5425875125707498	0.6323318264306222	0.7274404222557507
Rearrangement Signature 6	0.003461206564270968	0.010810084783604693	0.007994181997206362	2.2899582420243814e-5	0.06991232149410542	3.3519897875199377e-4	0.0035416836236938365	0.015315822721259725	0.03681713224600343
