signature	mode_exposure	mean_exposure	median_exposure	0%	100%	2.5%	25%	75%	97.5%
Rearrangement Signature 1	0.37482768821693957	1.114998143709963	0.7638671428933346	4.104797604866423e-4	8.567535048980245	0.03208590515822752	0.3526557930637872	1.5326433721494233	4.204180813666803
Rearrangement Signature 2	38.27518899573401	39.77416836277859	39.80033832042457	18.29846550695474	60.60781601280006	24.894680506092666	35.11296928887008	44.591608627967986	53.788727228900164
Rearrangement Signature 3	0.46794174759785856	1.462296899905158	1.0644623755332954	6.211740547027467e-4	8.62807814662211	0.02984868763341414	0.48459632195546076	1.9801846069541715	5.148037372198157
Rearrangement Signature 4	0.3092443110423385	1.1054797648907706	0.7613207294574195	0.00130783349929724	7.019595304082241	0.028121411575771756	0.3152136039094665	1.5897759640414029	4.113077791260115
Rearrangement Signature 5	61.42647447115807	63.37556767208621	63.17065482789799	40.67923706309364	88.67138484974679	48.59493534661394	58.59945135764097	68.2918372545072	78.56356560362107
Rearrangement Signature 6	0.37381030894126466	1.1674891566293069	0.8633716556982871	0.002473154901386332	7.550530721363385	0.03620148970521533	0.38250183135893434	1.6541088538960502	3.9762502825683703
