signature	mode_exposure	mean_exposure	median_exposure	0%	100%	2.5%	25%	75%	97.5%
Rearrangement Signature 1	0.3054807802571162	1.0055498128773388	0.6779617369470108	3.466359562071944e-4	6.048369862739504	0.03267303959134685	0.29024330261438713	1.4306349832190792	3.5207686047131355
Rearrangement Signature 2	15.675732403208281	17.53481609211322	17.33534884338281	1.8400281179398716	38.67088777960384	4.932387426853237	12.836402959337189	21.821719312527424	31.420944601327804
Rearrangement Signature 3	3.6103818467072784	4.793241131583088	4.288840213293035	0.09320551741199619	16.490629096614587	0.6804334473721356	2.6914968195928486	6.272637287087742	11.856280938635884
Rearrangement Signature 4	0.3683652014798643	1.0565734913887124	0.7964106387278086	0.0017792297172874632	6.374285797549787	0.05136188083340444	0.37020693420255046	1.421203106952675	3.74984672158544
Rearrangement Signature 5	82.21285604797984	81.565749778134	81.67542164280492	59.09145828129104	100.04645647579419	67.5792757080623	76.86517336850619	86.33877674304296	95.84672756418446
Rearrangement Signature 6	0.3187230417578547	1.0440696939036402	0.7086040912137986	0.0017269218600080016	6.988169259267264	0.020423774583187913	0.3067834628610724	1.4311968192630693	3.90618034168223
