signature	mode_exposure	mean_exposure	median_exposure	0%	100%	2.5%	25%	75%	97.5%
Rearrangement Signature 1	0.0028549605631506183	0.009397661802591951	0.006336090999504773	3.239588375768172e-6	0.056526821147098165	3.053555101995033e-4	0.002712554230041001	0.013370420403916627	0.032904379483300335
Rearrangement Signature 2	0.14650217199260077	0.1638767859076002	0.16201260601292344	0.017196524466727772	0.3614101661645219	0.046097078755637726	0.11996638279754382	0.2039413019862376	0.29365368786287666
Rearrangement Signature 3	0.03374188641782504	0.04479664608956157	0.04008261881582276	8.710796019812727e-4	0.15411802894032325	0.006359191096935847	0.025154175884045313	0.058622778383997584	0.1108063639124849
Rearrangement Signature 4	0.003442665434391255	0.00987451861110946	0.007443090081568305	1.6628315114836105e-5	0.05957276446308212	4.8001757788228457e-4	0.0034598778897434617	0.013282272027595092	0.035045296463415324
Rearrangement Signature 5	0.7683444490465405	0.7622967268984486	0.7633216975963077	0.5522566194513181	0.9350136119233101	0.6315820159631991	0.7183661062477215	0.8069044555424576	0.8957638090110698
Rearrangement Signature 6	0.00297872001642855	0.009757660690688227	0.006622468142185034	1.61394566355888e-5	0.06530999307726415	1.908763979737188e-4	0.0028671351669259104	0.01337567120806607	0.03650635833347878
