signature	mode_exposure	mean_exposure	median_exposure	0%	100%	2.5%	25%	75%	97.5%
Rearrangement Signature 1	0.4288419710070034	1.3457532156993155	0.981617092203364	0.0023686986336045163	8.531346919387873	0.040214661570258665	0.429845354429116	1.8984496487701235	4.500348478659275
Rearrangement Signature 2	20.74357211333136	19.166094205840906	18.877478587270488	1.12982836301855	51.774676396466816	6.032790812845337	13.561036842067779	23.779365134491748	34.57131860411571
Rearrangement Signature 3	9.775793160354716	12.398232756624603	11.717156499142053	3.099773065801634	29.818875383697954	4.816408992111333	8.85389977489877	15.306166720998148	23.06623449421839
Rearrangement Signature 4	1.1076328127811217	2.3521375267273332	2.030875101821419	0.049662929824679486	8.7851718041386	0.2601494085496015	1.0687638013774783	3.2452319470161877	6.162586604538367
Rearrangement Signature 5	97.08635865265796	94.57882874625341	95.03303450175773	69.14871848723085	113.47760202011585	76.91343399197008	88.89243536749026	100.76642043888023	109.29458741611849
Rearrangement Signature 6	0.34409231380502914	1.1589535488544405	0.7975650408538937	7.725193497498672e-5	6.432531877047017	0.020919400570570394	0.34724681413885644	1.5874231777383514	4.16442198090901
