signature	mode_exposure	mean_exposure	median_exposure	0%	100%	2.5%	25%	75%	97.5%
Rearrangement Signature 1	0.0032736028321145305	0.010272925310681798	0.007493260245827206	1.8081668958813103e-5	0.06512478564418224	3.0698214939128756e-4	0.0032812622475505036	0.014491982051680332	0.03435380518060515
Rearrangement Signature 2	0.1583478787277203	0.1463060626400069	0.14410288997916404	0.008624643992508015	0.39522653737760927	0.04605183826599493	0.10351936520662426	0.1815218712556622	0.26390319545126495
Rearrangement Signature 3	0.07462437526988333	0.09464299814217254	0.08944394274154238	0.02366238981527965	0.22762500292899202	0.036766480855811697	0.06758702118243336	0.11684096733586374	0.17607812591006403
Rearrangement Signature 4	0.00845521231130627	0.0179552482956285	0.015502863372682587	3.7910633453953804e-4	0.06706238018426412	0.0019858733477068815	0.008158502300591435	0.024772762954322045	0.04704264583617073
Rearrangement Signature 5	0.7411172416233432	0.7219757919561328	0.7254430114637995	0.5278528128796248	0.8662412367947775	0.5871254503203822	0.6785682089121394	0.7692093163273301	0.8343098276039579
Rearrangement Signature 6	0.002626658884007858	0.008846973655377408	0.006088282754609875	5.89709427289975e-7	0.04910329677135128	1.59690080691377e-4	0.0026507390392279118	0.012117734181208789	0.03178948077029778
