signature	mode_exposure	mean_exposure	median_exposure	0%	100%	2.5%	25%	75%	97.5%
Rearrangement Signature 1	0.39311872770759815	1.4298639284688335	1.1448659661659266	9.104323372829955e-4	8.432460183530964	0.034235251293838614	0.4600579069967825	1.984844904246717	5.151474645815224
Rearrangement Signature 2	12.555576298733499	11.894463371597706	11.808925216151849	0.2404919587483607	30.353595177815667	1.197050552934299	7.63956520524156	15.52227465975404	23.86965447912262
Rearrangement Signature 3	5.226153696440435	7.372948279482292	6.953745281956661	0.7184929195867759	23.501661940965786	1.7456617615274326	4.733344459941289	9.480484735751524	15.049029896239906
Rearrangement Signature 4	0.524407839740047	1.6806143983597224	1.3008295515513761	0.004383916826619644	9.918312687753936	0.05969136402533925	0.5797781188418974	2.3409654384971414	5.551191949719284
Rearrangement Signature 5	43.32056347338823	41.00056585784715	41.24235175596391	20.493723081002063	58.04829944153932	29.105098916994855	36.57852107223496	45.06911219561261	53.31337970136139
Rearrangement Signature 6	0.7614648970520959	1.621544164244296	1.2508798436374637	0.00173227065685011	10.539102329110547	0.04641087016364177	0.6258902027587503	2.2186299517027352	5.12801559036677
