signature	mode_exposure	mean_exposure	median_exposure	0%	100%	2.5%	25%	75%	97.5%
Rearrangement Signature 1	0.006047980426270742	0.02199790659182821	0.017613322556398872	1.4006651342815315e-5	0.12973015666970714	5.266961737513633e-4	0.007077813953796653	0.030536075449949487	0.07925345608946499
Rearrangement Signature 2	0.1931627122882076	0.18299174417842623	0.18167577255618228	0.0036998762884363186	0.46697838735101027	0.01841616235283537	0.11753177238833169	0.23880422553467753	0.3672254535249634
Rearrangement Signature 3	0.08040236456062205	0.1134299735304968	0.1069806966454871	0.011053737224411936	0.3615640298610121	0.02685633479272973	0.07282068399909676	0.14585361131925423	0.2315235368652293
Rearrangement Signature 4	0.00806781291907765	0.025855606128611115	0.020012762331559634	6.744487425568683e-5	0.15258942596544517	9.183286773129115e-4	0.008919663366798423	0.03601485289995602	0.08540295307260437
Rearrangement Signature 5	0.666470207282896	0.6307779362745716	0.6344977193225217	0.31528804740003175	0.8930507606390665	0.44777075256915155	0.562746478034384	0.6933709568555787	0.8202058415594061
Rearrangement Signature 6	0.011714844570032246	0.024946833296066093	0.019244305286730212	2.6650317797694e-5	0.16214003583246994	7.140133871329502e-4	0.009629080042442312	0.03413276848773439	0.07889254754410416
