signature	mode_exposure	mean_exposure	median_exposure	0%	100%	2.5%	25%	75%	97.5%
Rearrangement Signature 1	0.0026775161945772384	0.009235824821222179	0.007031924479370323	2.2553984774210642e-7	0.052184368127039735	1.7736776974842404e-4	0.002862759972832773	0.012900073085399396	0.03143120220715824
Rearrangement Signature 2	0.3540108622184052	0.3738624446350751	0.370131384281814	0.17034005048394915	0.5852456491163911	0.23067655228408715	0.32468574917198095	0.42291017942538744	0.5172056377530361
Rearrangement Signature 3	0.00319659513419634	0.01327521591248204	0.008673664831514844	2.8089568717198804e-5	0.0830546611272334	2.648911537814203e-4	0.0032329604582576263	0.018523675226596134	0.04801727287177291
Rearrangement Signature 4	0.002778809013133922	0.010581488520069068	0.00788512718456731	4.51905595379495e-6	0.060373577699219555	2.482829416199083e-4	0.0029707552397315144	0.015038029390306004	0.0371471603474474
Rearrangement Signature 5	0.5979265994254355	0.5829745024809894	0.5854280762512131	0.3871530215144383	0.8181699677889852	0.43289277817075156	0.5319928238506113	0.6352308341330865	0.7328534911094144
Rearrangement Signature 6	0.0026904465811344695	0.010070523630162222	0.006839673519766221	8.903844373353564e-6	0.07761327462855594	2.4743330955681597e-4	0.002820502819403603	0.013948943181898751	0.03828829766320282
