signature	mode_exposure	mean_exposure	median_exposure	0%	100%	2.5%	25%	75%	97.5%
Rearrangement Signature 1	0.28917174901434195	0.9974690806919952	0.7594478437719949	2.4358303556147493e-5	5.635911757720291	0.019155719132829797	0.30917807706593947	1.3932078932231344	3.3945698383730902
Rearrangement Signature 2	38.23317311958777	40.37714402058811	39.97418950243591	18.39672545226651	63.20653010457024	24.91306764668141	35.066060910573945	45.67429937794185	55.8582088773279
Rearrangement Signature 3	0.3452322744932049	1.4337233185480602	0.9367558018036033	0.0030336734214574707	8.969903401741208	0.02860824460839339	0.34915972949182367	2.0005569244723826	5.185865470151475
Rearrangement Signature 4	0.3001113734184636	1.1428007601674592	0.8515937359332695	4.880580430098546e-4	6.520346391515712	0.026814557694950097	0.32084156589100354	1.6241071741530484	4.011893317524319
Rearrangement Signature 5	64.57607273794704	62.961246267946855	63.22623223513101	41.81252632355934	88.3623565212104	46.75242004244116	57.45522497586602	68.60493008637333	79.14817703981676
Rearrangement Signature 6	0.290568230762523	1.08761655205752	0.7386847401347518	9.61615192322185e-4	8.382233659884042	0.02672279743213613	0.30461430449558913	1.506485863645065	4.1351361476259045
