signature	mode_exposure	mean_exposure	median_exposure	0%	100%	2.5%	25%	75%	97.5%
Rearrangement Signature 1	0.39876415758528005	1.35421307179501	0.9742820303319029	7.548769105747313e-4	8.440628359741197	0.050826530172505935	0.3965380993435756	1.9584190721782804	4.707095076007177
Rearrangement Signature 2	19.736908843291996	20.186521427702257	19.87285453098513	4.205712178192109	38.740147832344746	9.200568438738985	15.621231723811405	24.19474799359253	32.371659484350296
Rearrangement Signature 3	3.557405562123603	4.45047830060132	4.088480351752837	0.05781886967197331	19.28664535007739	0.6465359913810903	2.586992413566997	5.890018138917732	10.30959983231952
Rearrangement Signature 4	0.6294757643491529	2.01116702779887	1.5330303360904052	0.00294560935993926	9.549949327768784	0.08230978648944613	0.6668832037718428	2.8632230382987123	6.273663751976305
Rearrangement Signature 5	55.588214319656814	56.60735431143089	56.44585954481119	35.700679999584004	74.63284912570708	43.530356595743996	52.33975242631204	60.83120384880024	68.0130657632854
Rearrangement Signature 6	1.0278431017721288	2.3902658606716516	1.9607468212177317	0.015847860206343323	9.381671521145915	0.12229543188164023	1.0135217666537162	3.2761842568833095	7.039996886214712
