signature	mode_exposure	mean_exposure	median_exposure	0%	100%	2.5%	25%	75%	97.5%
Rearrangement Signature 1	0.0045834960641986215	0.015565667491896668	0.01119864402680348	8.67674609856013e-6	0.09701871677863445	5.842129904885739e-4	0.0045579091878571905	0.022510564048026212	0.054104541103530766
Rearrangement Signature 2	0.2268610211872643	0.23202898192761215	0.22842361529867966	0.048341519289564476	0.4452890555441925	0.10575366021539064	0.17955438763001613	0.2781005516504888	0.3720880400500034
Rearrangement Signature 3	0.040889719104869	0.05115492299541747	0.046994027031641815	6.645847088732565e-4	0.22168557873652173	0.00743144817679414	0.029735544983528706	0.0677013579185946	0.11850114749792554
Rearrangement Signature 4	0.007235353613208663	0.023116862388492757	0.017621038345866726	3.385757884987655e-5	0.10976953250308948	9.460894998786912e-4	0.007665324181285549	0.03291060963561738	0.07211107760892303
Rearrangement Signature 5	0.6389449921799635	0.6506592449589758	0.6488029832736919	0.41035264367337937	0.8578488405253688	0.5003489263878621	0.6016063497277246	0.699209239641382	0.7817593765894872
Rearrangement Signature 6	0.011814288526116427	0.027474320237605192	0.02253731978411186	1.8215931271658992e-4	0.10783530484075764	0.001405694619329198	0.011649675478778347	0.037657290309003555	0.08091950443924956
