signature	mode_exposure	mean_exposure	median_exposure	0%	100%	2.5%	25%	75%	97.5%
Rearrangement Signature 1	0.2470179342364709	0.9692842380517878	0.6122030658577283	2.8774930216916315e-5	7.0873888989374105	0.017715043067455024	0.2307656198670362	1.3944438002472306	3.843291583858278
Rearrangement Signature 2	23.560600630000526	23.705625202388035	23.655784145536426	5.748114723439899	44.83454981252469	11.370679672350159	19.623318787013485	27.860993651570904	36.18316971889969
Rearrangement Signature 3	3.4815034291383045	4.720218977675947	4.2193143628894845	0.14903160775649366	17.281248546138393	0.6018848312783648	2.5188671477713274	6.3066578487040434	11.979011728023263
Rearrangement Signature 4	0.3100276353273075	1.0770783500216803	0.7313561965893645	0.0011115742773052208	7.2809009552098125	0.0237964904287045	0.2995263635458496	1.6056326951077928	3.8206059428254844
Rearrangement Signature 5	47.033944290619544	46.41942862515933	46.50217420324603	24.971522732059373	67.38685500812673	33.41389431669317	42.19923624677511	50.67440245804734	58.92702512891264
Rearrangement Signature 6	0.3472204410466615	1.1083646067032227	0.7486860866899514	1.5247456209155352e-4	7.127976756841853	0.01891442591003188	0.32983042265097473	1.5395198338506448	4.066554146956564
