signature	mode_exposure	mean_exposure	median_exposure	0%	100%	2.5%	25%	75%	97.5%
Rearrangement Signature 1	0.020018925588857935	0.025170497246746894	0.02393419719697034	4.0834078090063266e-4	0.07538698251755244	0.005349720175179799	0.015893583491344947	0.032970912980053016	0.053174217503126495
Rearrangement Signature 2	0.6782276504025095	0.6782709949897076	0.6785738033906338	0.5364328089741968	0.8020019577999166	0.6068503544742139	0.6542752061836202	0.7037095576705445	0.7472143435003835
Rearrangement Signature 3	0.05783676159594342	0.06074348196093107	0.05854695975658501	0.017808557600590254	0.18470135365020077	0.026433879893065063	0.04566861478296376	0.07267477593753793	0.11028114732013873
Rearrangement Signature 4	0.004657618938470965	0.014553444200533705	0.012585324346727211	6.342922003183319e-5	0.05717600914226506	5.998081196160535e-4	0.005412201164522491	0.02122849372468994	0.03967392213839399
Rearrangement Signature 5	0.1923262310816884	0.20124946808771468	0.19940824193622925	0.10938061430159779	0.3505524626938973	0.13400951172649447	0.17644622767457832	0.22640259787398964	0.2723780760697071
Rearrangement Signature 6	0.012436390822432147	0.020012113514366107	0.018330773065020525	7.817218432212836e-5	0.06718463680409431	0.0011012037594216166	0.00999277187810576	0.028791607878996033	0.048866848653876305
