signature	mode_exposure	mean_exposure	median_exposure	0%	100%	2.5%	25%	75%	97.5%
Rearrangement Signature 1	0.020230600407393308	0.02698805160068149	0.025552320252031406	0.00183823890083736	0.08326497560151648	0.006706531234403272	0.017303984864794553	0.03545516485838854	0.05388534194966644
Rearrangement Signature 2	0.5675550178993385	0.5832492651132233	0.5812979153168639	0.4767390045580405	0.7103768022521669	0.5074204975388164	0.554680726386155	0.6120750625789273	0.6615998201530419
Rearrangement Signature 3	0.07699064800197453	0.08292139514123081	0.0813194680208223	0.027270219996863982	0.17237558022216476	0.04527144765944994	0.06705648475537529	0.09679104289283996	0.12931185493270755
Rearrangement Signature 4	0.0047142774110023175	0.011440421202240446	0.008812112836855877	3.0360096861200823e-5	0.07107906487041876	2.472891966486743e-4	0.004332433885605892	0.01619492341944897	0.03283605948543378
Rearrangement Signature 5	0.26923767115209074	0.27707423110030727	0.2748042642013883	0.15170519408744199	0.41506211896479317	0.2033230270009698	0.24844240130815765	0.30672880246371503	0.35831626074313266
Rearrangement Signature 6	0.01746514754976162	0.018326635842316693	0.01728770030441762	2.9508867903982328e-5	0.059861432892069195	0.001770725110892365	0.00971523338358847	0.025103507855786668	0.04292925761535914
