signature	mode_exposure	mean_exposure	median_exposure	0%	100%	2.5%	25%	75%	97.5%
Rearrangement Signature 1	5.425128834580501	6.821204753868408	6.486167440378962	0.11066035162407145	20.429872262256712	1.4497741674737257	4.30716112615448	8.935117417594368	14.41021294334728
Rearrangement Signature 2	183.7996932590801	183.81143964221076	183.89350071886176	145.37329123200732	217.3425305637774	164.456446062512	177.30858087576107	190.70529012871756	202.49508708860395
Rearrangement Signature 3	15.673762392500668	16.46148361141232	15.866226094034538	4.826119109759959	50.05406683920441	7.163581451020632	12.376194606183176	19.69486427907278	29.886190923757596
Rearrangement Signature 4	1.262214732325631	3.943983378344634	3.410622897963074	0.017189318628626795	15.49469847755383	0.16254800041595052	1.466706515585595	5.7529217993909745	10.751632899504772
Rearrangement Signature 5	52.12040862313755	54.538605851770676	54.03963356471813	29.642146475733	94.99971739004616	36.31657767788001	47.81692769981072	61.3551040238512	73.81445861489063
Rearrangement Signature 6	3.370261912879112	5.423282762393215	4.967639500620562	0.021184661951296785	18.20703657390956	0.2984262188032581	2.7080411789666607	7.802525735207925	13.242915985200478
