signature	mode_exposure	mean_exposure	median_exposure	0%	100%	2.5%	25%	75%	97.5%
Rearrangement Signature 1	5.8264129173292725	7.772558860996269	7.359068232585045	0.5294128034411597	23.980312973236746	1.9314809955081425	4.983547641060832	10.211087479215898	15.518978481503936
Rearrangement Signature 2	163.4558451550095	167.9757883526083	167.41379961125682	137.30083331271567	204.58851904862408	146.1371032911791	159.74804919921263	176.27761802273108	190.54074820407607
Rearrangement Signature 3	22.173306624568667	23.881361800674476	23.42000678999682	7.853823359096827	49.64416710398345	13.038176925921581	19.312267609548083	27.875820353137915	37.24181422061978
Rearrangement Signature 4	1.357711894368668	3.2948413062452486	2.5378884970144924	0.008743707896025837	20.4707706826806	0.07121928863481822	1.2477409590544968	4.664137944801302	9.456785131804928
Rearrangement Signature 5	77.54044929180213	79.7973785568885	79.14362808999984	43.69109589718329	119.53789026186044	58.5570317762793	71.5514115767494	88.33789510954992	103.19508309402221
Rearrangement Signature 6	5.029962494331347	5.278071122587207	4.978857687672274	0.00849855395634691	17.240092672915928	0.5099688319370012	2.7979872144734794	7.229810262466561	12.36362619322343
