signature	mode_exposure	mean_exposure	median_exposure	0%	100%	2.5%	25%	75%	97.5%
Rearrangement Signature 1	53.52341859054886	55.159723660858084	54.80626414720277	31.738309831364436	95.43485183642755	38.45329456041728	49.215231591761835	61.01107035779187	73.9700040450525
Rearrangement Signature 2	349.2721543806731	349.86333965176647	350.008803998904	298.8277658530765	398.5151315606907	317.502382386789	338.97430867605635	360.7956901410246	382.8695352033385
Rearrangement Signature 3	39.18004588659143	40.865147559726566	40.50598813232783	10.69458413705526	75.87225531215823	23.257708436946338	33.923873462439595	47.3129087687094	62.727462464654806
Rearrangement Signature 4	26.375259765365378	27.990872808558045	27.718762786045275	8.604995843369256	55.956867295694806	13.609059474923473	22.33076510580888	33.20492818264926	43.56673700887781
Rearrangement Signature 5	125.90927587442488	127.36919613834912	126.94140923149682	71.07469130435932	177.4783922544766	97.75042615902275	116.88570391033576	137.62762532641835	159.30422059211887
Rearrangement Signature 6	19.61823839298151	19.751720180741707	19.299073812677854	2.474027183720861	44.619946248527114	5.995357317124112	13.660714367042516	25.297227645314607	36.176116673411705
