signature	mode_exposure	mean_exposure	median_exposure	0%	100%	2.5%	25%	75%	97.5%
Rearrangement Signature 1	0.08403794964198213	0.08535184702967505	0.08456638226771737	0.0388558030816531	0.16686237739587553	0.05385104064616568	0.07223556736640357	0.09715607563869347	0.12146336134282132
Rearrangement Signature 2	0.5333098399028202	0.5351174696959834	0.5348738292840074	0.41607156282445595	0.6436347497756613	0.4670697067337515	0.5149251037627602	0.5566703550446601	0.5956971573804244
Rearrangement Signature 3	0.06423355049537444	0.07199588362819698	0.07060893659367232	0.0296716386797278	0.12697685855915247	0.04104805940129187	0.05861932599521677	0.08386501390789038	0.10919541714269412
Rearrangement Signature 4	0.03797553769935963	0.04107147311767537	0.03991892933263688	0.013447453718935971	0.08924784784583378	0.018468780522452773	0.03165470783616109	0.04909629687761305	0.07003924089649298
Rearrangement Signature 5	0.2370574832452015	0.2495076732485149	0.24618837334712432	0.15026764822856714	0.36368658906717044	0.19504356646206417	0.22764490435162366	0.2723994514532262	0.315293791877268
Rearrangement Signature 6	0.012599531967084032	0.016955653279954335	0.015261162379048065	5.911297408864313e-5	0.06449625602665326	0.0012112222840933741	0.008792440795120274	0.0236883707281474	0.0394313254016513
