signature	mode_exposure	mean_exposure	median_exposure	0%	100%	2.5%	25%	75%	97.5%
Rearrangement Signature 1	34.70767320213862	35.2503128232558	34.925915876567274	16.04744667272273	68.91416186449659	22.240479786866423	29.83328932232468	40.1254592387804	50.16436823458521
Rearrangement Signature 2	220.25696387986477	221.00351498444113	220.90289149429503	171.83755544650032	265.8211516573481	192.89978888103934	212.66406785402	229.9048566334446	246.02292599811528
Rearrangement Signature 3	26.52845635458965	29.734299938445353	29.16149081318667	12.25438677472758	52.44144258492997	16.95284853273354	24.209781636024527	34.636250743958726	45.09770727993267
Rearrangement Signature 4	15.683897069835524	16.962518397599926	16.48651781437903	5.553798385920556	36.85936116032935	7.627606355772996	13.07339433633453	20.276770610454193	28.9262064902516
Rearrangement Signature 5	97.90474058026822	103.04666905163664	101.67579819236235	62.06053871839823	150.2025612847414	80.5529929488325	94.01734549722057	112.5009734501824	130.2163360453117
Rearrangement Signature 6	5.203606702405704	7.00268480462114	6.30286006254685	0.024413658298609614	26.636953739007797	0.5002348033305635	3.6312780483846727	9.783297110724876	16.28513739088199
