signature	mode_exposure	mean_exposure	median_exposure	0%	100%	2.5%	25%	75%	97.5%
Rearrangement Signature 1	0.011373893418527896	0.030885682100660755	0.024136258156649066	1.0439987452870365e-6	0.17863643630735435	4.7250705466616455e-4	0.01092665636050355	0.04501475626053977	0.09250379441330735
Rearrangement Signature 2	0.27476398256851725	0.26740407863251653	0.2673413848988052	0.07552023740262602	0.5064172840976635	0.12395935487635384	0.21483522051970394	0.31246642818452325	0.42892545073904537
Rearrangement Signature 3	0.048634612853406006	0.0740371709823351	0.06691376448147712	0.0027564722632286466	0.2728801932906705	0.014426721124925613	0.0431152446148162	0.10070591251035033	0.16823117710913776
Rearrangement Signature 4	0.005682552484182405	0.01785091491752531	0.012344670524581883	1.918392917663822e-5	0.12687189735819374	4.351919809338998e-4	0.005473047998560658	0.026113548643904923	0.0608856267382941
Rearrangement Signature 5	0.5731744189431297	0.5898120022712883	0.5869050695243023	0.3252790767268669	0.8198779462161286	0.42396785548775934	0.5382178373716613	0.6463177986503611	0.7458051529193547
Rearrangement Signature 6	0.006029890004504202	0.020010151095673986	0.01465211432236746	2.8386694918447475e-5	0.127559906140707	6.435699769860999e-4	0.006278321219254854	0.027710520736133813	0.06942309411390879
