signature	mode_exposure	mean_exposure	median_exposure	0%	100%	2.5%	25%	75%	97.5%
Rearrangement Signature 1	0.6938074985302018	1.884026608140306	1.472311747555593	6.368392346250923e-5	10.896822614748615	0.028822930334636038	0.6665260379907165	2.7459001318929257	5.642731459211749
Rearrangement Signature 2	16.76060293667955	16.31164879658351	16.307824478827122	4.606734481560188	30.891454329957476	7.561520647457585	13.10494845170194	19.06045211925592	26.16445249508177
Rearrangement Signature 3	2.9667113840577652	4.516267429922441	4.0817396333701055	0.16814480805694745	16.6456917907309	0.8800299886204623	2.6300299215037883	6.14306066313137	10.262101803657405
Rearrangement Signature 4	0.34663570153512646	1.088905809969044	0.7530249019994949	0.0011702196797749313	7.739185738849818	0.026546710836967885	0.3338559279122002	1.5929264672782004	3.71402323103594
Rearrangement Signature 5	34.96363955553091	35.97853213854859	35.801209240982445	19.84202368033888	50.012554719183846	25.862039184753318	32.83128807967134	39.42538571767203	45.49411432808064
Rearrangement Signature 6	0.36782329027475646	1.2206192168361132	0.893778973664415	0.001731588390025296	7.781154274583127	0.039257768596152084	0.3829775943745461	1.6903417649041623	4.234808740948435
