signature	mode_exposure	mean_exposure	median_exposure	0%	100%	2.5%	25%	75%	97.5%
Rearrangement Signature 1	5.842443420953177	7.59618536257587	7.046101747762609	0.11090060518504598	23.757043204012124	1.5105974012144305	4.795077235318596	9.81171446438815	16.424047093742086
Rearrangement Signature 2	168.5157673784933	168.13529403313774	167.99196484578533	138.7747742343688	198.70272382888356	145.89793237567824	160.2119756615658	176.23964856187328	190.17808800546584
Rearrangement Signature 3	21.835615025838038	24.112935337755495	23.689103304007666	6.545304516906843	45.8805234096979	12.897017913013908	19.789222897412728	28.073023961270188	37.22291507089599
Rearrangement Signature 4	1.0390024453973101	3.3711255237019553	2.74558781677625	0.02936074447918852	14.921717193944657	0.10153708052926497	1.1448574872764405	4.938493904387621	9.957519274275745
Rearrangement Signature 5	78.19734492333123	80.03557763492589	79.61602332778452	51.92849555152032	110.74738931644283	59.22196037239166	72.27690958976217	87.91643464355879	101.49491356729774
Rearrangement Signature 6	4.419664245983895	4.748882107903058	4.413502295371917	0.020097811792140874	17.78026234188789	0.25895125070966285	2.424425469553266	6.627341313255161	11.730016962055009
