signature	mode_exposure	mean_exposure	median_exposure	0%	100%	2.5%	25%	75%	97.5%
Rearrangement Signature 1	0.017809848918547894	0.02511155087736088	0.023453670318152528	0.002297089920620231	0.08329181012841322	0.005938229549625301	0.015532028843190639	0.03309408844283012	0.0509758758293367
Rearrangement Signature 2	0.6796249473667243	0.6778269648859572	0.6792129127441976	0.5621308865407626	0.7878694886974901	0.5916824495590891	0.6543651776934964	0.7037685484854583	0.7487149589493147
Rearrangement Signature 3	0.05118668706999106	0.06180937223472402	0.05958816287929511	0.014915082915939135	0.1390052385650025	0.028180373837588084	0.04615812400074101	0.07610864808689008	0.10578691039872128
Rearrangement Signature 4	0.004490908517550803	0.014885934746510562	0.01288109714892504	3.2130435415252628e-6	0.06555732963102828	7.573355424030172e-4	0.0057685026214431044	0.022337047650829785	0.04056128531014657
Rearrangement Signature 5	0.20686244524422767	0.20094690354309175	0.20105072568771032	0.07606697641748454	0.337045041798406	0.13178357118280068	0.17399774126159073	0.22463537021994717	0.2725765255548846
Rearrangement Signature 6	0.0178504781713219	0.019419273712355647	0.01806274354065185	2.7753356415333164e-5	0.06692233504870346	9.822175061711326e-4	0.008710594432230948	0.027469531764787662	0.04914673583189286
