signature	mode_exposure	mean_exposure	median_exposure	0%	100%	2.5%	25%	75%	97.5%
Rearrangement Signature 1	0.02028626187830964	0.026375643620055105	0.02446563106862017	3.8507154578140966e-4	0.08248973334726432	0.005245129865327883	0.016649573733745125	0.03406845300134775	0.05702794129771557
Rearrangement Signature 2	0.5851241922864351	0.5838031042817282	0.5833054334923102	0.4818568549804472	0.6899400132947346	0.506590042971105	0.5562915821582145	0.6119432241731712	0.6603405833523119
Rearrangement Signature 3	0.07581810772860428	0.08372546992276214	0.0822538309166933	0.02272675179481543	0.15930737295033992	0.044781312197964954	0.06871257950490531	0.09747577764329926	0.12924623288505552
Rearrangement Signature 4	0.003607647379851771	0.011705296957298456	0.009533291030473092	1.0194702944162681e-4	0.05181151803453006	3.5255930739328114e-4	0.0039751996085987526	0.017147548279123688	0.03457471970234634
Rearrangement Signature 5	0.2715185587615668	0.2779013112323816	0.27644452544369624	0.18030727622055667	0.38453954623764874	0.20563180684858215	0.25096149163111864	0.3052653980679125	0.35241289433089495
Rearrangement Signature 6	0.015346056409666298	0.016489173985774506	0.015324660747819158	6.978406872271137e-5	0.061737022020444066	8.991362871863293e-4	0.008418143991504395	0.023011601782135974	0.040729225562691
