signature	mode_exposure	mean_exposure	median_exposure	0%	100%	2.5%	25%	75%	97.5%
Rearrangement Signature 1	4.826469056926479	6.805230287764799	6.355944656219335	0.6225113684880826	22.57208054479998	1.6092602079484564	4.209179816504663	8.968497968006963	13.814462349750245
Rearrangement Signature 2	184.17836073638227	183.69110748409437	184.06669935367756	152.33747025254667	213.51263143701982	160.34594383051314	177.33296315493752	190.72127663955922	202.90175387526423
Rearrangement Signature 3	13.87159219596758	16.75033987561021	16.148392140288976	4.041987470219506	37.67041965111567	7.6368813099863715	12.508851604200816	20.625443631547213	28.668252718053463
Rearrangement Signature 4	1.217036208256268	4.034088316304362	3.4907773273586855	8.707347997533462e-4	17.766036330008664	0.20523793199121765	1.5632642104110812	6.053339913374872	10.992108319049718
Rearrangement Signature 5	56.0597226611857	54.45661086017786	54.4847466613695	20.61415060913831	91.33920632736803	35.71334779053899	47.153387881891085	60.87618532960569	73.86823842537372
Rearrangement Signature 6	4.837479584428234	5.262623176048381	4.895003499516651	0.007521159588555287	18.135952798198637	0.266180944172377	2.3605710911345867	7.4442431082574565	13.318765410442964
