signature	mode_exposure	mean_exposure	median_exposure	0%	100%	2.5%	25%	75%	97.5%
Rearrangement Signature 1	0.3423115703765962	0.9704345603664821	0.703152458433786	0.0014268517431390733	8.113511305616246	0.027048726877314126	0.33307193000662827	1.3547117090196354	3.31771341166812
Rearrangement Signature 2	6.084750490774008	7.000826658018685	6.690269741808255	0.026502350940349386	20.83091215449041	0.6785070695974263	4.195157607035613	9.482921050124576	15.464152817180302
Rearrangement Signature 3	1.2554060137675316	2.6950046124863056	2.3051586264256345	0.009841432084864033	12.450659204121285	0.10236363094375313	1.178965834754219	3.8716413834875727	7.511884860772764
Rearrangement Signature 4	0.5837760994972386	1.6105606669302999	1.246121684171626	0.004784162417350944	8.049339066252532	0.10446116195818865	0.5805256200613607	2.3455829843374256	4.833225242843266
Rearrangement Signature 5	31.77704120372553	31.270121904722604	31.522338423002996	17.92845955783433	42.24975491935532	22.28917776669974	28.463005939310474	34.43248607472367	38.37039388955799
Rearrangement Signature 6	0.510485103781648	1.453051597475621	1.1770022337148514	0.0060143255055611355	8.33972390488543	0.06445135350963133	0.532303469387611	2.038803188040691	4.814128326382655
