signature	mode_exposure	mean_exposure	median_exposure	0%	100%	2.5%	25%	75%	97.5%
Rearrangement Signature 1	0.007606923786146587	0.02156521245258849	0.01562561018741747	3.170781651420163e-5	0.1803002512359166	6.010828194958695e-4	0.00740159844459174	0.03010470464488079	0.07372696470373599
Rearrangement Signature 2	0.13521667757275574	0.15557392573374856	0.14867266092907233	5.889411320077641e-4	0.46290915898867574	0.015077934879942807	0.0932257246007914	0.21073157889165728	0.3436478403817845
Rearrangement Signature 3	0.027897911417056248	0.05988899138858457	0.051225747253903	2.1869849077475628e-4	0.27668131564713966	0.0022747473543056253	0.026199240772315977	0.08603647518861272	0.1669307746838392
Rearrangement Signature 4	0.01297280221104975	0.03579023704289555	0.02769159298159169	1.0631472038557655e-4	0.1788742014722785	0.0023213591546264144	0.012900569334696904	0.05212406631860946	0.10740500539651703
Rearrangement Signature 5	0.7061564711939008	0.6948915978827246	0.7004964094000665	0.39841021239631846	0.9388834426523404	0.4953150614822165	0.6325112430957882	0.7651663572160816	0.8526754197679554
Rearrangement Signature 6	0.011344113417369954	0.03229003549945825	0.02615560519366336	1.3365167790135857e-4	0.1853271978863429	0.0014322523002140292	0.011828965986391354	0.04530673751201536	0.10698062947517012
