signature	mode_exposure	mean_exposure	median_exposure	0%	100%	2.5%	25%	75%	97.5%
Rearrangement Signature 1	0.005179773407166157	0.016326498586798553	0.011260000385542205	6.62075702698431e-5	0.11956136828186022	4.467424750727698e-4	0.005052578995994903	0.02305587485161329	0.05956590269902328
Rearrangement Signature 2	0.2181624872880854	0.2260844334438702	0.22370364770307533	0.024516291537526085	0.4561601388411922	0.06658409185391284	0.16596624961229015	0.2839314734988294	0.39677990600405233
Rearrangement Signature 3	0.015749575805296217	0.036008599797175446	0.029657742447763067	2.5668963843262675e-4	0.15973810946195388	0.0023371677019232177	0.015248779081028568	0.050866460827026186	0.10118383127891264
Rearrangement Signature 4	0.004823643839273134	0.016731290363515304	0.011417321155223217	1.7510830439455107e-5	0.15333480141751077	4.435855477439349e-4	0.004943778064333455	0.0225710144786994	0.05977220109570061
Rearrangement Signature 5	0.7096829726644998	0.6886445623128378	0.6899454398883444	0.44714207556142915	0.9073750963771409	0.5138886928245961	0.6294433534089101	0.7475700905321307	0.8510982906787481
Rearrangement Signature 6	0.004042258912032607	0.01620461549580271	0.01057798016482625	4.930172983885761e-5	0.11946759024386289	4.1781943727146333e-4	0.004036993006773099	0.022747407620721583	0.06017616087052668
