signature	mode_exposure	mean_exposure	median_exposure	0%	100%	2.5%	25%	75%	97.5%
Rearrangement Signature 1	0.3366852714658002	1.061222408141906	0.7319000250602434	0.004303492067539802	7.771488938320914	0.02903826087973003	0.32841763473966873	1.498631865354864	3.871783675436513
Rearrangement Signature 2	14.180561673725554	14.695488173851563	14.540737100699895	1.5935589499391956	29.650409024677494	4.3279659705043345	10.78780622479886	18.45554577742391	25.790693890263398
Rearrangement Signature 3	1.0237224273442542	2.3405589868164043	1.9277532591045994	0.01668482649812074	10.382977115027002	0.15191590062500915	0.991170640266857	3.306319953756702	6.576949033129322
Rearrangement Signature 4	0.3135368495527535	1.087533873628495	0.742125875089509	0.001138203978564582	9.9667620921382	0.028833060603355772	0.32134557418167453	1.467115941115461	3.88519307122054
Rearrangement Signature 5	46.12939322319248	44.761896550334455	44.846453592742385	29.064234911492896	58.97938126451415	33.402765033598754	40.91381797157916	48.5920558845885	55.32138889411863
Rearrangement Signature 6	0.2627468292821191	1.053300007227176	0.6875687107137063	0.0032046124395257447	7.765393365851088	0.027158263422645115	0.2624045454402514	1.478581495346903	3.911450456584234
