signature	mode_exposure	mean_exposure	median_exposure	0%	100%	2.5%	25%	75%	97.5%
Rearrangement Signature 1	0.5688138096520076	1.4852519503531705	1.0801740679501561	0.0023480291876377814	7.129932775866063	0.04159671949122488	0.5262777032923951	2.13265860930222	4.8866960515672
Rearrangement Signature 2	31.085074048582914	30.337490132469366	30.37409967623292	10.39100151832121	52.48329697178368	16.333939758231224	25.863365385143748	34.659879162439665	43.685024931367565
Rearrangement Signature 3	0.405662402863452	1.4487446503112753	0.9542120548095641	0.001280766120473989	12.390614855670641	0.034509997989408306	0.3840459987242303	1.9588873498499904	5.740695845130478
Rearrangement Signature 4	0.35244914647528647	1.1098110741133458	0.7435110123082562	0.001852849733010308	6.28369824013222	0.041670422651053356	0.33895807710398196	1.4754930527556076	4.301874589670349
Rearrangement Signature 5	52.41906631634012	52.550089546863774	52.64547984598526	29.266617674202084	72.17799168815543	39.57117661783894	48.05046625094457	57.15510602617761	66.16440107841252
Rearrangement Signature 6	0.3240985070269998	1.0686126458890677	0.7674234732028338	0.0015774998598603318	7.033882061955154	0.031470048136884386	0.3115298746425821	1.5140053812775587	3.668593481459303
