signature	mode_exposure	mean_exposure	median_exposure	0%	100%	2.5%	25%	75%	97.5%
Rearrangement Signature 1	0.006463793291500087	0.01687786307219512	0.01227470531761541	2.6682149859520243e-5	0.08102196336211435	4.726899942184645e-4	0.005980428446504489	0.024234756923888864	0.055530636949627274
Rearrangement Signature 2	0.3532394778248058	0.34474420605078826	0.3451602235935559	0.11807956270819556	0.5964011019520873	0.1856129517980821	0.2939018793766335	0.3938622632095417	0.4964207378564495
Rearrangement Signature 3	0.004609800032539227	0.016463007389900856	0.010843318804654136	1.4554160459931695e-5	0.14080244154171184	3.9215906806145805e-4	0.004364159076411708	0.02226008352102262	0.0652351800583009
Rearrangement Signature 4	0.0040051039372191654	0.012611489478560748	0.008448988776230185	2.1055110602389864e-5	0.07140566181968432	4.735275301256063e-4	0.003851796330727068	0.01676696650858645	0.048884938518981236
Rearrangement Signature 5	0.5956712081402287	0.5971601084870883	0.5982440891589234	0.3325752008432055	0.8202044510017662	0.44967246156635154	0.5460280255789155	0.6494898412065638	0.7518681940728696
Rearrangement Signature 6	0.0036829375798522693	0.012143325521466677	0.008720721286395838	1.7926134771140134e-5	0.07993047797676311	3.576141833736862e-4	0.0035401122118475237	0.017204606605426803	0.04168856228931026
