signature	mode_exposure	mean_exposure	median_exposure	0%	100%	2.5%	25%	75%	97.5%
Rearrangement Signature 1	0.2821557313444164	0.8773033029251995	0.61542646178977	0.0023585690662716436	5.487405137819879	0.02512588321047112	0.2667185121251265	1.2932273473100477	2.832148436903826
Rearrangement Signature 2	6.504934058029759	6.98325281246419	6.567365307104614	0.14658262343673348	20.4380185723045	1.1406706210641444	4.088405847322309	9.42549724142257	15.380733695646352
Rearrangement Signature 3	3.626293408974397	4.651668480178954	4.176607723861695	0.19406549947480367	20.453363565129372	0.9682091789670049	2.7016947212770415	6.09349414874157	10.83220547579951
Rearrangement Signature 4	0.28012182667521446	1.0461583784969706	0.7809191557433227	0.004125656015932894	9.52327857410492	0.03905554044841175	0.31435224723840544	1.4594583232494731	3.73565106391134
Rearrangement Signature 5	44.66848330070114	44.34327440998923	44.562962246934525	24.947152707397592	55.01047619511393	35.44824997775276	41.61374545199877	47.38052918378307	52.40145954565448
Rearrangement Signature 6	0.3362396660528233	1.0983426159454606	0.7863491934981937	0.0013937631656174565	6.696057102676594	0.046037649094696806	0.3337994052239389	1.5640088723490484	3.898618724307875
