signature	mode_exposure	mean_exposure	median_exposure	0%	100%	2.5%	25%	75%	97.5%
Rearrangement Signature 1	0.004782300531261299	0.014869547507206773	0.010430956979487626	3.9975746885960064e-5	0.09300686674270982	4.2586242729612074e-4	0.004520652747883499	0.02191910758152623	0.04800251587972587
Rearrangement Signature 2	0.11025311962762305	0.11836021716041001	0.11131127639160363	0.002484451244690398	0.346407094445839	0.019333400357019394	0.06929501436139505	0.15975419053258594	0.2606904016211246
Rearrangement Signature 3	0.06146260015210843	0.07884183864710091	0.07078996142138466	0.003289245753810232	0.34666717906998934	0.016410325067237372	0.04579143595384816	0.10327956184307745	0.18359670297965272
Rearrangement Signature 4	0.004747827570766345	0.01773149794062662	0.013235917893954622	6.992637315140498e-5	0.16141150125601558	6.61958312684945e-4	0.005328004190481448	0.02473658174999107	0.06331611972731084
Rearrangement Signature 5	0.7570929373000193	0.7515809222032072	0.7553044448632971	0.4228330967355524	0.9323809524595581	0.6008177962330976	0.7053177195254029	0.8030598166742893	0.8881603312822794
Rearrangement Signature 6	0.005698977390725821	0.018615976541448483	0.013327952432172774	2.3623104501990788e-5	0.11349249326570499	7.80299137198251e-4	0.0056576170376938795	0.026508624955068612	0.06607828346284535
