signature	mode_exposure	mean_exposure	median_exposure	0%	100%	2.5%	25%	75%	97.5%
Rearrangement Signature 1	0.003611145016272202	0.013839485982615463	0.009197507781491799	6.964179627864525e-6	0.07717554237682427	2.1739129970912524e-4	0.003653493785217744	0.018932983084757025	0.05420852130794578
Rearrangement Signature 2	0.17889587085239256	0.19912348293968457	0.19121839172483213	0.009850560577197569	0.49037013931476764	0.03899161020193042	0.1408200342667436	0.25511712014506427	0.3862743636699841
Rearrangement Signature 3	0.031228429443919615	0.0502148407136116	0.044223877660374236	4.691601545746364e-4	0.21223043447797485	0.0046100682711636195	0.025372771528627432	0.06789534651857702	0.13458598744695444
Rearrangement Signature 4	0.0051155175996306715	0.016434659850890015	0.011381647196998307	3.0144633312967374e-5	0.1092032058089476	4.893064020007903e-4	0.004996308983266607	0.022855749543364508	0.058380469264401144
Rearrangement Signature 5	0.6982441525930617	0.7048759997570381	0.7059915332380908	0.3931464124016665	0.926992917268207	0.5254420815927494	0.6462421701399665	0.7666192169265591	0.8804670495653821
Rearrangement Signature 6	0.004548294918113909	0.015511530756160269	0.01136263167492857	1.0798782063003998e-6	0.11378021821350703	2.1603493245642705e-4	0.004681009249409451	0.021974697758421452	0.05233537106858117
