signature	mode_exposure	mean_exposure	median_exposure	0%	100%	2.5%	25%	75%	97.5%
Rearrangement Signature 1	0.24916900612278192	0.954924532800467	0.634628036922934	4.8052839432265225e-4	5.325112424000874	0.014999999679929644	0.2520910711800244	1.3063758328482347	3.7403879702482588
Rearrangement Signature 2	12.343815088815084	13.739520322838235	13.194069029013416	0.6796886798266323	33.83553961271897	2.690421103933199	9.71658236440531	17.603081290009435	26.6529310932289
Rearrangement Signature 3	2.1547616316304534	3.4648240092392	3.0514475585658216	0.03237205066564991	14.643899978980265	0.31809471071028983	1.7507212354752928	4.684778909781815	9.286433133839855
Rearrangement Signature 4	0.35297071437451644	1.1339915297114112	0.7853336565928832	0.002079979698594749	7.5350212008173845	0.03376214173805453	0.3447453198453958	1.577046718492151	4.028252379243679
Rearrangement Signature 5	48.178846528921255	48.63644398323563	48.71341579342827	27.127102455714986	63.96251129150628	36.25550362989972	44.59070973965769	52.896725967932575	60.75222642001137
Rearrangement Signature 6	0.3138323493498597	1.0702956221750586	0.7840215855700713	7.451159623472758e-5	7.850835056731985	0.014906410339493465	0.32298963820925214	1.5162541453310803	3.6111406037321014
