signature	mode_exposure	mean_exposure	median_exposure	0%	100%	2.5%	25%	75%	97.5%
Rearrangement Signature 1	0.26748797737969243	0.948166707279017	0.6372722428362931	0.0016411594342210709	7.237975341768198	0.029715069815550582	0.26120567955293733	1.3774887243958496	3.422669436597407
Rearrangement Signature 2	25.36856780846549	23.692836125249965	23.86435088891654	2.368427299134097	43.55893678822386	10.88146257897293	19.325742157440942	27.79900374239603	36.25048926528457
Rearrangement Signature 3	7.869031445552636	8.354576613429362	7.935840424432373	0.47179554217885095	22.642522371157224	2.567270705430348	5.497650721016791	10.60268558149821	16.876464517867365
Rearrangement Signature 4	0.3709877596262038	1.1806636238770658	0.8013957137118526	0.004679705887229982	8.644816613747484	0.03377976708591935	0.3568628901434938	1.6200351908075523	4.379126327617511
Rearrangement Signature 5	58.68163325813734	57.778573762271385	57.72248213625211	40.998742706613235	80.03979863636354	45.80249353846375	53.40954605100899	62.02660182284781	70.36230703417327
Rearrangement Signature 6	0.3837750632920356	1.0451831678932013	0.705903780773123	0.0014985013883177523	8.149383375246895	0.04019966598661274	0.34120575683629417	1.358509593067431	3.9941549729407995
