signature	mode_exposure	mean_exposure	median_exposure	0%	100%	2.5%	25%	75%	97.5%
Rearrangement Signature 1	0.0028762148105343256	0.010195340938484053	0.006852389707917131	1.764687563678571e-5	0.07782769184696987	3.1951687973710304e-4	0.0028086632209993263	0.014811706713933864	0.03680289716771406
Rearrangement Signature 2	0.272780299015758	0.25476167876612865	0.256605923536737	0.02546696020574298	0.4683756643895039	0.11700497396745085	0.2078036791122682	0.29891401873544116	0.3897902071535974
Rearrangement Signature 3	0.08461324135002837	0.08983415713364906	0.08533161746701476	0.00507307034600915	0.24346798248556153	0.027605061348713423	0.059114523881900985	0.11400737184406678	0.18146736040717595
Rearrangement Signature 4	0.0039891156949054185	0.012695307783624363	0.008617158211955404	5.0319418142257876e-5	0.09295501735212348	3.632233019991328e-4	0.0038372353778870303	0.01741973323448981	0.04708737986685496
Rearrangement Signature 5	0.6309853038509391	0.6212749866910902	0.620671850927442	0.44084669577003477	0.8606429960899306	0.49249993052111557	0.5742961940968709	0.6669527077725571	0.7565839466040137
Rearrangement Signature 6	0.004126613583785329	0.01123852868702367	0.0075903632341196015	1.6112918153954325e-5	0.08762777822846124	4.3225447297433057e-4	0.0036688791057666037	0.014607630032983128	0.04294790293484731
