signature	mode_exposure	mean_exposure	median_exposure	0%	100%	2.5%	25%	75%	97.5%
Rearrangement Signature 1	0.31313140192322897	1.072637844545144	0.7212157739856062	0.0025605579914269234	5.66908284846879	0.02237001264434358	0.31014479031052394	1.5576663700769338	3.8964499083695334
Rearrangement Signature 2	34.97995173619065	34.259903956391405	34.42321240717693	9.753128491647198	56.9725470858939	20.7989791866045	29.476290137432745	38.70666808547936	48.35918338261225
Rearrangement Signature 3	5.783757980325225	6.8903223412780275	6.395368544928525	0.6552751104478531	23.42944663542052	2.049262336136428	4.461200269659876	8.880605529968626	14.487312884950382
Rearrangement Signature 4	0.33654568999727963	1.1187405210859738	0.7783783392177344	0.005192741513738124	15.967735515910853	0.031116339338404964	0.34278774649961963	1.495746522332909	3.9138853081067424
Rearrangement Signature 5	45.90614482489629	47.54943736847493	47.48331721816087	28.48379183769318	72.28751234072324	34.78579724131767	42.599181480879196	52.20838189847444	61.54457782729779
Rearrangement Signature 6	0.31743175960808545	1.1089579682245185	0.7271239705646743	0.002566795680066125	6.002651730537141	0.03684347485789818	0.2946214912918047	1.576831817602541	3.9741728573159043
