signature	mode_exposure	mean_exposure	median_exposure	0%	100%	2.5%	25%	75%	97.5%
Rearrangement Signature 1	0.0034036021948177066	0.011659107005925479	0.007839301891147893	2.7832152080727427e-5	0.06162046574422598	2.4315231135156064e-4	0.0033711390251143906	0.01693115619648841	0.04235271639532102
Rearrangement Signature 2	0.38021686669772453	0.3723902603955588	0.37416535225192316	0.1060122662135565	0.6192668161510206	0.22607586072396194	0.3203944580155733	0.42072465310303653	0.5256432976370897
Rearrangement Signature 3	0.06286693456875243	0.07489480805736985	0.06951487548835353	0.0071225555483462296	0.2546678982110926	0.02227459061017857	0.0484913072789117	0.09652832097791986	0.15747079222772153
Rearrangement Signature 4	0.0036581053260573886	0.012160223055282323	0.008460634121931895	5.6442842540631785e-5	0.1735623425642484	3.3822107976527136e-4	0.003725953766300214	0.016258114373183793	0.04254223160985589
Rearrangement Signature 5	0.4989798350532204	0.5168417105269014	0.516123013240879	0.3096064330184041	0.78573382979047	0.37810649175345296	0.46303458131390435	0.5674824119399396	0.6689628024706282
Rearrangement Signature 6	0.0034503452131313637	0.012053890958962159	0.007903521419181242	2.7899953044197012e-5	0.06524621446236023	4.0047255280324103e-4	0.0032024075140413555	0.01713947627828849	0.04319753105778157
