signature	mode_exposure	mean_exposure	median_exposure	0%	100%	2.5%	25%	75%	97.5%
Rearrangement Signature 1	22.883496219916868	24.44334997336525	24.02171691689267	8.706016172777668	48.590261360450036	12.673229870344846	20.22910780219422	28.548379447105347	37.90602305996917
Rearrangement Signature 2	270.29682092793405	269.87308806021434	270.074377326421	227.7762927628608	314.2682885561377	242.6110889039115	260.94524018926154	279.49162730623124	295.5867939770013
Rearrangement Signature 3	28.68567031878765	28.819595403780124	28.55067262428416	11.078380576057635	53.93976219640213	14.399442459154374	23.48978654926086	33.56699206214699	44.710624375070665
Rearrangement Signature 4	24.904324404252055	25.558547215758466	25.10567155701466	3.6478992166827626	64.14019118081521	9.470811849102152	18.893819234288202	31.54157282072612	43.981607796931904
Rearrangement Signature 5	101.37947987423709	103.0583324692942	102.52145409599072	65.08455836956877	145.16690272472408	78.18775214253776	94.32833024662763	111.56241941869928	129.09269836433853
Rearrangement Signature 6	21.96056662594729	21.247086877587606	21.097449466845795	0.093684163344359	51.77775637029257	4.098764994510758	14.700824623391815	26.795619220238084	40.524655904546755
