signature	mode_exposure	mean_exposure	median_exposure	0%	100%	2.5%	25%	75%	97.5%
Rearrangement Signature 1	0.04837948460870374	0.051677272670962476	0.05078587086023821	0.018405953853652575	0.10272782528636372	0.02679329782313921	0.0427676697720808	0.060355981917770286	0.08013958363629846
Rearrangement Signature 2	0.5714520527017634	0.5705562115437935	0.5709817702461331	0.4815566443189446	0.6644149863766124	0.5129198496911448	0.5516812688990729	0.5908913896537659	0.6249192261670219
Rearrangement Signature 3	0.06064623746043901	0.06092937717501083	0.06036083007248237	0.023421523416612335	0.11403755221226666	0.030442795896732287	0.04966128234516038	0.07096615657959193	0.09452563292826778
Rearrangement Signature 4	0.05265184863478235	0.05403498354282974	0.05307752971884706	0.007712260500386391	0.13560294118565583	0.02002285803192844	0.03994464954394969	0.06668408630174656	0.09298437166370381
Rearrangement Signature 5	0.21433293842333423	0.21788230966024144	0.2167472602452235	0.13759948915342235	0.30690677108821157	0.1653018015698473	0.19942564534170745	0.23586135183657353	0.2729232523558954
Rearrangement Signature 6	0.04642825925147417	0.04491984540716196	0.04460348724491711	1.9806377028405708e-4	0.1094667153705974	0.008665465104673907	0.03107996749131462	0.056650357759488554	0.08567580529502483
