signature	mode_exposure	mean_exposure	median_exposure	0%	100%	2.5%	25%	75%	97.5%
Rearrangement Signature 1	0.2582701151430151	0.975989402764449	0.7224006221789299	7.302640963041178e-4	5.9854252450786225	0.012709926571992438	0.27864032083189144	1.3779581448949192	3.461121125919589
Rearrangement Signature 2	43.20314317658324	43.89117750497641	43.78785657028946	15.686886565429527	69.54235087856961	24.8482813952414	37.96786663013782	50.22611090971876	61.91607174775813
Rearrangement Signature 3	7.333315012951189	9.339553076852786	8.54603676506475	0.7416496750397235	26.965400274645063	2.6890019807173835	5.96801921374447	11.90299260052754	19.8526089726762
Rearrangement Signature 4	0.34732955411735844	1.1552972130276888	0.7726455642764645	0.001072028987889831	8.037261689652794	0.04536401620244157	0.3273304456166021	1.5324086672659343	4.6462966322299035
Rearrangement Signature 5	97.10308374490583	95.51628317872496	95.73208084911327	66.47851133572442	125.07688007283603	76.11069488583149	89.45449486854682	101.44706737310139	114.96049302663549
Rearrangement Signature 6	0.32579708224652193	1.1216996236537051	0.8554445774760171	7.873447577839698e-4	7.223423305558901	0.035107068704754954	0.3636573556094511	1.4925947701351827	3.955673305461164
