signature	mode_exposure	mean_exposure	median_exposure	0%	100%	2.5%	25%	75%	97.5%
Rearrangement Signature 1	0.0016991454943619411	0.006420982912924007	0.004752635672229802	4.804369054632354e-6	0.039377797664990936	8.361793797363447e-5	0.0018331600054729699	0.009065514111150783	0.02277053372315519
Rearrangement Signature 2	0.28423120510910027	0.2887577467432659	0.28807800375190434	0.10320320108835215	0.457515466306379	0.16347553549500923	0.24978859625090677	0.33043494019551817	0.4073425772878824
Rearrangement Signature 3	0.048245493506257814	0.06144442813718939	0.0562239260859523	0.004879274177892918	0.17740394917529648	0.01769080250471963	0.03926328430095046	0.07830916184557592	0.1306092695570803
Rearrangement Signature 4	0.002285062856035253	0.0076006395593926895	0.005083194501818844	7.052822288748888e-6	0.05287672164245259	2.9844747501606297e-4	0.002153489773793435	0.010081635968854832	0.03056774100151252
Rearrangement Signature 5	0.6388360772691173	0.6283965998600326	0.6298163213757453	0.43735862720871327	0.8228742110055002	0.5007282558278388	0.5885164136088608	0.6674149169282986	0.7563190330699704
Rearrangement Signature 6	0.002143401856885013	0.0073796027871954285	0.005627924851815902	5.1798997222629595e-6	0.047522521747098034	2.309675572681247e-4	0.0023924826026937573	0.009819702435099886	0.026024166483297133
