signature	mode_exposure	mean_exposure	median_exposure	0%	100%	2.5%	25%	75%	97.5%
Rearrangement Signature 1	0.2771567297105013	1.0139912241999147	0.7102985211754799	0.0018129648925126135	7.368085175342593	0.01862041523378535	0.27263375423763264	1.4779998124848535	3.663376568074254
Rearrangement Signature 2	52.36877459544651	51.67968923267953	51.71211892363989	25.113747718026744	81.89828455037294	36.3476162807302	45.629435239498505	57.46403469264176	66.65205557002209
Rearrangement Signature 3	7.393983836617389	8.047953623519133	7.68602833016252	0.46132615762215684	25.469875361610214	2.130991808591747	5.220582953714964	10.361751941461552	16.501528255138425
Rearrangement Signature 4	0.3293109358615409	1.1030999341403669	0.7964521139834055	0.002831360690655271	8.307016163886864	0.030255666291761206	0.33054228439469857	1.4724490481093175	4.253488978270434
Rearrangement Signature 5	67.3437255128076	66.00323630020279	66.01353970876121	40.6319371980463	97.41454690912116	50.04626411160849	59.684371520855265	71.96984625079818	82.3597700101879
Rearrangement Signature 6	0.31072864973950387	1.1520296852582723	0.8020626449656625	0.007781565952329816	9.24084522536963	0.0417290915145491	0.32810421136548434	1.4981094912354773	4.098869879512263
