signature	mode_exposure	mean_exposure	median_exposure	0%	100%	2.5%	25%	75%	97.5%
Rearrangement Signature 1	0.0021485017807015595	0.007860397086821043	0.005506190086631627	1.4053991414826461e-5	0.05711693934374103	1.4434430413787095e-4	0.0021134399553304852	0.011457362887479484	0.028398267969567858
Rearrangement Signature 2	0.4059594929879575	0.4006177459897638	0.4008691389429449	0.19468021486842438	0.6348704228711081	0.28176446729248217	0.3537165522441745	0.44545763327629273	0.5166826013180006
Rearrangement Signature 3	0.05731770415982473	0.062387237391621185	0.059581614962500154	0.0035761717645128436	0.19744089427604816	0.01651931634567246	0.040469635300116005	0.08032365846094228	0.12791882368324362
Rearrangement Signature 4	0.002552797952415045	0.008551162280157882	0.006174047395220198	2.1948532485699777e-5	0.06439547413865786	2.3454004877334267e-4	0.002562343289881384	0.011414333706273781	0.03297278277729019
Rearrangement Signature 5	0.522044383820214	0.5116529945752154	0.5117328659593893	0.31497625734919615	0.7551515264272958	0.38795553574890296	0.4626695466732967	0.5579057848899084	0.6384478295363403
Rearrangement Signature 6	0.002408749222786854	0.008930462676420716	0.006217539883454748	6.032221668472726e-5	0.07163445911139249	3.23481329570148e-4	0.002543443498957243	0.01161325187004246	0.03177418511249816
