signature	mode_exposure	mean_exposure	median_exposure	0%	100%	2.5%	25%	75%	97.5%
Rearrangement Signature 1	0.0020491752360959096	0.007942258791948726	0.005437505609700405	2.465862418041959e-6	0.052397438175928755	2.317318462384915e-4	0.00204044704104154	0.011574508125665956	0.02875856126837984
Rearrangement Signature 2	0.39433636569153474	0.39995844416669263	0.3981249597909393	0.20896147794917436	0.5806150394318828	0.2737132456986037	0.356187426773402	0.44138838610935405	0.5407641569537394
Rearrangement Signature 3	0.053037490288786696	0.06301375150233053	0.05948997695194166	0.004120368804146996	0.2280350218009019	0.015113628322879838	0.04160316800916396	0.08054439727711087	0.1304007945550355
Rearrangement Signature 4	0.002449410273892767	0.008473108383008321	0.00584379173181488	1.0445382527757323e-5	0.07992872878019654	1.565132448863628e-4	0.0024519486476411185	0.011394680366663312	0.03225619088104544
Rearrangement Signature 5	0.5246038707870453	0.5119240846956036	0.5148784060449303	0.33620383474058696	0.7066570515163031	0.3810866058264304	0.46685844284777367	0.5552292166458941	0.6366827289885651
Rearrangement Signature 6	0.002537850686704507	0.008688352460416207	0.0063088280304664235	2.1877142243720282e-5	0.058308107909727014	2.764918497396407e-4	0.0025690267062788708	0.011938018802381795	0.03180870926754781
