signature	mode_exposure	mean_exposure	median_exposure	0%	100%	2.5%	25%	75%	97.5%
Rearrangement Signature 1	0.26434360545637237	1.0245513841613858	0.7014382236513522	3.180962519274127e-4	6.759269524694809	0.029893408164765402	0.26321766829435866	1.4931115482109083	3.7098544036209997
Rearrangement Signature 2	50.86939117420798	51.59463929750335	51.35811981303117	26.95603065544349	74.89934008671287	35.30900869511988	45.948178053768864	56.93910180810667	69.75857624703237
Rearrangement Signature 3	6.841836247253484	8.128773943800638	7.674207026800474	0.5315275757349625	29.416517812316346	1.9496580536514991	5.366808673182151	10.390227248747301	16.82170249759958
Rearrangement Signature 4	0.31597392533216706	1.0930309814080734	0.7538491334041195	0.0013474543460806946	10.310806012645353	0.020190208590340805	0.3163013755457043	1.469913767299567	4.161048623654863
Rearrangement Signature 5	67.67389933152884	66.03820692573287	66.419314379796	43.37029468153572	91.1587596456031	49.16017215160952	60.22473912736281	71.62456894732034	82.13207203952491
Rearrangement Signature 6	0.3273827385848811	1.1207974673936907	0.8138388159301686	0.0028221513494399164	7.5217459203547845	0.03566744861641365	0.33140444510997435	1.5400044255072518	4.103323495513667
