signature	mode_exposure	mean_exposure	median_exposure	0%	100%	2.5%	25%	75%	97.5%
Rearrangement Signature 1	0.2864060788277024	0.9899781320802807	0.697357892190553	3.110258795894047e-5	9.336521093372543	0.021961198701128913	0.28691482768882426	1.3284084791598103	3.957870216379058
Rearrangement Signature 2	24.003944837014874	26.558259217709498	26.39846725096352	3.3524226886367487	51.776908693179145	11.571208554353298	21.30908595616451	32.10712132775126	42.2734220316902
Rearrangement Signature 3	5.830013629011233	7.727879883343615	7.399587129091326	0.19524242976399572	21.07386419729853	2.164451003995558	5.076852013353701	9.909721231282125	16.297511121914027
Rearrangement Signature 4	0.26824743471807566	1.096101093376274	0.7405982861306575	0.0010907301748908228	7.681159967176289	0.030809393560049098	0.2620402341401077	1.5241989548118733	4.3726166290203095
Rearrangement Signature 5	85.56639763524177	85.53079518720051	85.54974175830284	61.77160022672856	109.94335890568154	69.87303326620318	80.17785691661973	90.90910333262218	101.60064673242613
Rearrangement Signature 6	0.30204778707644786	1.096986486289823	0.8085573913450902	0.002157882555702595	8.548760265280103	0.03579313598103296	0.30648117310884665	1.5665801571029903	3.800262225250626
