signature	mode_exposure	mean_exposure	median_exposure	0%	100%	2.5%	25%	75%	97.5%
Rearrangement Signature 1	0.002328504705916277	0.008048602699839681	0.005669576359272788	2.528665687718737e-7	0.07590667555587433	1.7854633090348711e-4	0.0023326408755188965	0.01080006893625862	0.032177806637228114
Rearrangement Signature 2	0.19515402306516164	0.21592080664804472	0.2146216849671831	0.0272554690133069	0.42095047718031825	0.09407486629555528	0.17324460126963015	0.261033506729685	0.34368635798122116
Rearrangement Signature 3	0.047398484788709214	0.06282829173450094	0.060159244951962	0.0015873368273495588	0.17133222924632951	0.01759716263411023	0.04127521962076179	0.08056683927871645	0.13250009042206526
Rearrangement Signature 4	0.0021808734529924836	0.00891139100305914	0.00602112427748502	8.86772499911238e-6	0.06244845501769341	2.5048287447194386e-4	0.002130408407643152	0.012391861421234744	0.03554972869122203
Rearrangement Signature 5	0.6956617693922095	0.695372318595126	0.6955263557585598	0.5022081319246224	0.8938484463876547	0.5680734411886437	0.6518524952570709	0.7390984010782291	0.8260215181498061
Rearrangement Signature 6	0.0024556730656621773	0.008918589319429456	0.006573637328008863	1.754376061546825e-5	0.06950211597788702	2.9100110553685333e-4	0.0024917168545434687	0.012736424041487728	0.030896440855696147
