signature	mode_exposure	mean_exposure	median_exposure	0%	100%	2.5%	25%	75%	97.5%
Rearrangement Signature 1	0.006252431680384241	0.02051938109487262	0.015076597361929851	2.7820926427943274e-6	0.1419417738648274	5.201090514389468e-4	0.006577091676986648	0.029095506124903574	0.06679931745188875
Rearrangement Signature 2	0.2451743491036067	0.23325105505743632	0.23351335026656578	0.011195614693469526	0.5387479827066773	0.07342718470504456	0.176814946820991	0.2939017681213133	0.3912475875057997
Rearrangement Signature 3	0.014732251530423148	0.04052435068035236	0.032472274615290425	2.895003939936804e-4	0.2185764105995742	0.0026836664054705984	0.015386713109353599	0.056957513711722155	0.12713948702053424
Rearrangement Signature 4	0.04190835419578744	0.05946731252329716	0.054244994735859586	0.0040585691192883255	0.2058002815219642	0.011745268048437273	0.03447274399371887	0.07701645149468153	0.1396132974655262
Rearrangement Signature 5	0.6527550492001717	0.6177499072954251	0.618824407554182	0.3590680469313408	0.865828085943494	0.44457737205963266	0.5531592838135122	0.6793081548685822	0.7883360955885955
Rearrangement Signature 6	0.010511002410624064	0.02848799334861649	0.021924961958643574	8.370460721107698e-6	0.15395598246314635	0.0016017715902877899	0.010384746554856855	0.03982152395995922	0.08553382337587154
