signature	mode_exposure	mean_exposure	median_exposure	0%	100%	2.5%	25%	75%	97.5%
Rearrangement Signature 1	0.39390319586420697	1.292721008976975	0.9498256338015807	1.7527183649604264e-4	8.942331753484126	0.03276687024065365	0.4143567756501589	1.8330168858689255	4.208356999468991
Rearrangement Signature 2	15.445983993527221	14.694816468618487	14.711341066793644	0.7053237256885801	33.941122910520676	4.625912636417808	11.139341649722434	18.515811391642742	24.648598012865378
Rearrangement Signature 3	0.928131846416659	2.5530340928621986	2.045753300763297	0.018238524821601865	13.770313867773174	0.1690709835446477	0.9693629258892766	3.5883233638384953	8.009787682293657
Rearrangement Signature 4	2.6402263143346083	3.746440688967721	3.417434668359154	0.2556898545151645	12.965417735883744	0.7399518870515481	2.171782871604289	4.852036444164936	8.795637740328152
Rearrangement Signature 5	41.12356809961082	38.91824415961178	38.98593767591346	22.62128695667447	54.54716941444013	28.008374439756857	34.849034880251274	42.79641375672068	49.665174022081516
Rearrangement Signature 6	0.662193151869316	1.7947435809628387	1.381272603394545	5.27339025429785e-4	9.699226895178219	0.10091161018813076	0.6542390329559818	2.5087560094774313	5.388630872679906
