signature	mode_exposure	mean_exposure	median_exposure	0%	100%	2.5%	25%	75%	97.5%
Rearrangement Signature 1	0.08256927813806353	0.08708458142405724	0.08608966757803696	0.04061169806940266	0.16222332684138566	0.05389116083646366	0.07411430621700396	0.0989047958918345	0.12283907937528998
Rearrangement Signature 2	0.6729936313878191	0.6789418660265306	0.6781318477306402	0.5774799856032661	0.7689658209221109	0.6203702675921576	0.658540825765568	0.7011498993027798	0.7344405574226892
Rearrangement Signature 3	0.05978992246770327	0.0598747374533652	0.05941042419650437	0.016134032956322757	0.11168501547016715	0.02902149464181563	0.047211144556291273	0.07086983544902258	0.09836653954908774
Rearrangement Signature 4	7.900663719686413e-4	0.002942568469459045	0.002113761451903897	7.301018493738443e-6	0.02276262770895094	5.52302086597971e-5	8.038599675040444e-4	0.004195737067660424	0.009958669641502613
Rearrangement Signature 5	0.16674220256020217	0.16796847857430564	0.16730967311116562	0.0858681169838151	0.2661308621137085	0.11465953752215388	0.1476944186414831	0.18789580813616888	0.2220252524349613
Rearrangement Signature 6	7.915719924849614e-4	0.003187768052282226	0.0020501839789244525	3.254079568110191e-6	0.017298696127777513	5.0391923771275775e-5	7.415648141836165e-4	0.00453051494969349	0.011969969015150775
