signature	mode_exposure	mean_exposure	median_exposure	0%	100%	2.5%	25%	75%	97.5%
Rearrangement Signature 1	32.3671570301209	34.13715591823044	33.74714969059049	15.919785643205842	63.591544121823176	21.125335047893756	29.052808037065553	38.770679989599124	48.15291911511367
Rearrangement Signature 2	263.8135035040251	266.1452114824	265.827684310411	226.3721543564803	301.43460180146747	243.18514489612576	258.1480037001027	274.8507605266897	287.90069850969417
Rearrangement Signature 3	23.437649607339683	23.470897081719155	23.288886285029715	6.324540918878521	43.780526064305526	11.376425899591725	18.506768666066176	27.78097549601685	38.55968350324239
Rearrangement Signature 4	0.30970601781170715	1.1534868400279457	0.8285944891463277	0.0028619992495454694	8.922950061908768	0.021650241794640465	0.31511310726158537	1.6447289305228863	3.9037984994690245
Rearrangement Signature 5	65.36294340359926	65.84364360112781	65.58539185957693	33.66030185765552	104.32329794857374	44.94653870868432	57.89621210746138	73.6551567893782	87.03389895450483
Rearrangement Signature 6	0.31029622105410515	1.2496050764946327	0.8036721197383854	0.0012755991906991948	6.781088882088785	0.019753634118340104	0.29069340715997766	1.775961860279848	4.692227853939104
