signature	mode_exposure	mean_exposure	median_exposure	0%	100%	2.5%	25%	75%	97.5%
Rearrangement Signature 1	0.4350856178655228	1.3605395050774423	1.0127198822054537	0.0028821697393355745	6.955374902229817	0.04385981168259408	0.44460602398686666	1.928686714877375	4.571637388546752
Rearrangement Signature 2	11.851119920043006	12.17954304946039	12.027773014200736	0.2124073520267607	33.27572097590021	2.5532079772054197	8.288449944768203	15.884234514246387	22.768117837442073
Rearrangement Signature 3	5.981089507744156	7.210855936027262	6.816524262657474	0.7176567109519123	18.963958711591534	1.983477740908325	4.780046706545724	9.335495302642759	15.356713834166051
Rearrangement Signature 4	0.5611485286645239	1.6645609123189637	1.3645290228990432	0.005783772357227522	11.49351344196746	0.09017344727680421	0.6500310435103938	2.2900014423285917	5.13282867277714
Rearrangement Signature 5	41.26099965755591	41.06435261289001	41.11985658801979	20.659180551295776	57.18768082910803	28.81113438589256	37.026193785440825	45.401597515683534	52.28258663962511
Rearrangement Signature 6	0.5388554637960838	1.5201479842259318	1.1468319810629628	0.0025790545769199813	9.007983777114921	0.023771470255783845	0.5208244848267097	2.0647729277834315	5.330849197859656
