signature	mode_exposure	mean_exposure	median_exposure	0%	100%	2.5%	25%	75%	97.5%
Rearrangement Signature 1	0.006693624890238814	0.02093137700119142	0.0155803058800839	4.4341072912854995e-5	0.10700576772661256	6.747663335783704e-4	0.006840092676721026	0.029672103305805764	0.07033288290071925
Rearrangement Signature 2	0.1823249218468155	0.1873775853763137	0.1850426617569344	0.0032678054157963183	0.5119341688600032	0.039280122726237224	0.12751461453489543	0.24437283868071363	0.3502787359606473
Rearrangement Signature 3	0.09201676165760239	0.1109362451696502	0.10486960404088422	0.011040872476183267	0.29175321094756207	0.03051504216782039	0.07353918010070346	0.14362300465604244	0.23625713591024694
Rearrangement Signature 4	0.008633054287146525	0.02560862942029175	0.02099275419844682	8.898111318811572e-5	0.1768232837225763	0.0013872838042585263	0.010000477592467596	0.035230791420439875	0.07896659496580216
Rearrangement Signature 5	0.6347846101162447	0.6317592709675386	0.6326131782772276	0.31783354694301197	0.8798104742939697	0.443248221321424	0.5696337505452436	0.6984861156259005	0.8043474867634632
Rearrangement Signature 6	0.008290084058401294	0.023386892065014334	0.0176435689394302	3.9677762721845866e-5	0.13858436580176803	3.6571492701205913e-4	0.008012684381949381	0.03176573735051433	0.08201306458245626
