signature	mode_exposure	mean_exposure	median_exposure	0%	100%	2.5%	25%	75%	97.5%
Rearrangement Signature 1	26.939121676859454	27.56429871283025	27.23206246643568	8.692863097773898	56.44289823837808	15.095400458612296	22.851690296818987	31.54960247101348	42.69814501074846
Rearrangement Signature 2	213.26376161784992	215.06719428570813	214.8734370242032	171.39687814761214	256.9629390347542	190.4512926568281	206.2299633129745	224.06872777942235	239.560804597192
Rearrangement Signature 3	18.34954770535407	20.338694664381443	19.799258164643383	7.446344101083752	43.392474773144144	11.052285723538194	16.320457055953337	23.731438469630415	33.123005709901484
Rearrangement Signature 4	1.538022674433753	4.254933593322811	3.81108162186585	0.004147111273075306	14.659873287339874	0.1945359339438269	1.7033076802963514	6.052662903682355	11.350642941492765
Rearrangement Signature 5	86.1661027754162	87.98305538515226	87.79201903192572	53.5172398468566	125.63050411899343	63.71492960431679	79.89172693393489	96.13032138163992	111.47333285110827
Rearrangement Signature 6	3.908322461230584	5.791823358605111	5.361379418816782	0.017132126558586896	19.4696513289834	0.19592230008561998	2.6593564303227963	8.361796458879665	14.299601450739305
