signature	mode_exposure	mean_exposure	median_exposure	0%	100%	2.5%	25%	75%	97.5%
Rearrangement Signature 1	0.07462360575307328	0.07635539809648269	0.07543507608430935	0.02407995317942908	0.15635151866586725	0.041815513735768126	0.06330108115462323	0.0873950206953282	0.11827741000207331
Rearrangement Signature 2	0.5907583424317173	0.5957540007914353	0.5952172770753552	0.47478359597676495	0.7118086953871308	0.5275659076366429	0.5712741366010374	0.6206889966188985	0.6636033368343268
Rearrangement Signature 3	0.050829772036991884	0.0563398744165691	0.054845590483776685	0.020626991969761085	0.12020076114444361	0.030615749926698597	0.04520902231566022	0.06573805670257732	0.09175347842077974
Rearrangement Signature 4	0.004260450621700145	0.011786519649093658	0.010557012802952494	1.1487842861704448e-5	0.04060906727794979	5.388807034455038e-4	0.004718303823535599	0.01676637923457716	0.0314422242146614
Rearrangement Signature 5	0.23868726530586204	0.24372037502812258	0.24319118845408788	0.14824720179184653	0.3480069366177103	0.1764956498734537	0.2213067228086839	0.26628897889650943	0.30879039570944117
Rearrangement Signature 6	0.010826378008948987	0.016043832018296705	0.014851466534118507	4.7457414289714395e-5	0.05393255215784875	5.427210528687535e-4	0.00736663831114348	0.02316287107722899	0.0396110843510784
