signature	mode_exposure	mean_exposure	median_exposure	0%	100%	2.5%	25%	75%	97.5%
Rearrangement Signature 1	0.053908380070841276	0.053737754696373465	0.05345498768049068	0.01868628086575216	0.09731151623585248	0.02907340185827987	0.044725180496040094	0.062294171351200314	0.08318441864113546
Rearrangement Signature 2	0.6092284288334074	0.6130223211344078	0.6131799495355172	0.5298422414760072	0.6998312518270858	0.5557773933965396	0.591920016902375	0.6335000874963924	0.6727274430945681
Rearrangement Signature 3	0.06758425185958213	0.06995505956665896	0.06933873506629583	0.031698066050684856	0.1376848965619029	0.04235838126515517	0.06029137204080865	0.07899263668884622	0.10256724960092005
Rearrangement Signature 4	0.031148455586802758	0.03971582183243491	0.03771443167645659	0.009763129417533455	0.10191980333197082	0.017736617666573758	0.02933908918304122	0.04730520710553416	0.07285811702789817
Rearrangement Signature 5	0.17029077363537815	0.17649001901341463	0.17543441064088594	0.09704168354825081	0.2621543272324394	0.12476581564069077	0.15807099101879124	0.19443730826358951	0.2285284254513478
Rearrangement Signature 6	0.04985999953311933	0.047079023756710206	0.04745805756048199	0.003961395821255376	0.09126488514960657	0.017808443170341574	0.03607912602491177	0.05760733677335588	0.07844710442304541
