signature	mode_exposure	mean_exposure	median_exposure	0%	100%	2.5%	25%	75%	97.5%
Rearrangement Signature 1	25.983839194145496	25.90159776365201	25.76530406199651	9.006787377292541	46.904150825680894	14.013379695690897	21.557536999091326	30.02579059127855	40.0948897850273
Rearrangement Signature 2	293.64810269770237	295.47675878678456	295.5527356761193	255.3839603914355	337.3186633806554	267.88470361713206	285.30544814694474	305.3470421732611	324.2546275715818
Rearrangement Signature 3	32.57560939631858	33.71833871112962	33.42127030195459	15.278467836430101	66.3641201428372	20.41673976980479	29.06044132366977	38.074450884023875	49.43741430764346
Rearrangement Signature 4	15.01355559283893	19.143026123233625	18.178356068052075	4.705828379251125	49.12534520600993	8.54904971528855	14.141440986225867	22.801109824867464	35.11761240744692
Rearrangement Signature 5	82.08015289225227	85.06818916446586	84.559385928907	46.77409147025689	126.3583857260358	60.13712313881295	76.19021767105737	93.71878258305016	110.15070106754963
Rearrangement Signature 6	24.032519774963518	22.69208945073432	22.874783744152317	1.9093927858450912	43.989674642110366	8.583669608104639	17.390138744007473	27.766736324757535	37.811504331907884
