signature	mode_exposure	mean_exposure	median_exposure	0%	100%	2.5%	25%	75%	97.5%
Rearrangement Signature 1	0.05490729044114902	0.0647294669666806	0.0631752529846365	0.017526078465144427	0.14551464629995547	0.03184976979820584	0.05081727940344182	0.07740828625513461	0.1084183310735688
Rearrangement Signature 2	0.6812165040282954	0.6802452747105604	0.6815583718227654	0.540164256690405	0.7852406906255243	0.604809939891144	0.6557800994316465	0.7082761263584929	0.754752718435262
Rearrangement Signature 3	0.0735649028026317	0.06639515907712512	0.06608364368782577	0.02186529876001059	0.1417912534307806	0.03249900711404534	0.05082348542042934	0.08017311922696521	0.10700514180098537
Rearrangement Signature 4	0.004717216217949758	0.01375757317283463	0.011570793426059971	5.3212840595723385e-6	0.053199351590810656	9.034605428654901e-4	0.005539214914046984	0.019796352795687318	0.04030214547337397
Rearrangement Signature 5	0.15098035332235954	0.15749554456730636	0.15522809919565683	0.06118014151036436	0.2762366173819406	0.09856833817465771	0.1343611529541649	0.1801945498593939	0.22425143892483426
Rearrangement Signature 6	0.015441587714955922	0.017376981505492845	0.015967382950434844	1.6786668207646738e-5	0.06530556553913197	6.022501324365671e-4	0.008247217668592516	0.02438176892582488	0.04300293287453639
