signature	mode_exposure	mean_exposure	median_exposure	0%	100%	2.5%	25%	75%	97.5%
Rearrangement Signature 1	17.505264827935555	17.99877462445037	17.677213755069612	6.0162780768227515	38.7678309718043	8.821414796966051	14.39777476916804	21.202847689723484	29.218562812445775
Rearrangement Signature 2	279.7561471663476	278.5341760934375	279.03350197217577	233.93092068606853	319.38793531411835	254.95309126897817	270.3253503811858	286.5479288089929	300.2236720276224
Rearrangement Signature 3	26.372125433709943	28.496195208607368	27.848296673940006	11.063418343404537	52.87477886824174	16.566290111864447	23.618746233643797	33.08936501336186	42.55770161712748
Rearrangement Signature 4	0.7676240307728373	2.3549767469502516	1.7624717236204703	0.009259274429533707	12.256989470004246	0.06728084211967297	0.7941922187072176	3.2627186060636832	7.589983540716696
Rearrangement Signature 5	66.54715667185174	68.90799143941254	68.19014745856148	30.44705208438701	109.83639231390462	49.72776096039289	61.6787809970638	75.66781139595601	92.57790303755579
Rearrangement Signature 6	3.644753482243579	4.707885887141961	4.226180692547002	0.061038513723147614	14.736161013563548	0.4985442888741747	2.7564325741747537	6.234160363281907	10.800186461028623
