signature	mode_exposure	mean_exposure	median_exposure	0%	100%	2.5%	25%	75%	97.5%
Rearrangement Signature 1	0.043654027002333055	0.044884724749252786	0.044082827319375593	0.015003187223996886	0.09667788272270399	0.021998540640813097	0.03590467523483302	0.05287493189457228	0.07286424641507676
Rearrangement Signature 2	0.6976462522851561	0.6945989428764028	0.6958441445690169	0.5833688795163804	0.7964786416810932	0.635793245059796	0.6741280558134308	0.7145833636134487	0.7486874614155171
Rearrangement Signature 3	0.0657658988371819	0.07106283094415802	0.06944712387516211	0.02758957192868962	0.13185730391082728	0.04131244416923802	0.058899616542752616	0.08251711973406949	0.10612893171353484
Rearrangement Signature 4	0.0019142743909547058	0.005872759967456987	0.004395191330724365	2.3090459924024207e-5	0.03056605852868889	1.6778264867748873e-4	0.001980529223708772	0.008136455376717415	0.018927639752410713
Rearrangement Signature 5	0.1659530091567375	0.17184037765439536	0.1700502430388067	0.07592781068425689	0.27390621524664494	0.12400937895359823	0.15381242143906182	0.1886977840298155	0.2308675886223336
Rearrangement Signature 6	0.009089160803599946	0.011740363808334067	0.01053910397143891	1.5221574494550527e-4	0.036748531205894136	0.0012432525907086652	0.0068738966937026275	0.01554653457177533	0.026933133319273373
