signature	mode_exposure	mean_exposure	median_exposure	0%	100%	2.5%	25%	75%	97.5%
Rearrangement Signature 1	14.275895514698746	16.829661411336957	16.42556577600549	4.556780400937551	37.833808037988426	8.280940147533519	13.212492644894875	20.126154426335003	28.188766079127888
Rearrangement Signature 2	177.11629104735678	176.86377142474572	177.20517667391903	140.4427067395053	204.1625795626363	157.2505843716974	170.5028258522281	184.15179285320815	196.23570679316813
Rearrangement Signature 3	19.126874728684243	17.26274136005253	17.1817473588347	5.684977677602753	36.865725892002956	8.449741849651788	13.214106209311629	20.845010999010952	27.821336868256193
Rearrangement Signature 4	1.2264762166669363	3.576969024937004	3.008406290775592	0.001383533855488808	13.83183141361077	0.23489974114502743	1.4401958776522157	5.147051726878702	10.47855782307723
Rearrangement Signature 5	39.25489186381348	40.94884158749966	40.35930579087078	15.906836792694735	71.82152051930456	25.627767925411003	34.933899768082874	46.85058296344242	58.30537412045691
Rearrangement Signature 6	4.014812805888538	4.518015191428139	4.151519567113059	0.004364533733988152	16.979447040174314	0.15658503443350744	2.144276593834054	6.339259920714468	11.18076254737946
