signature	mode_exposure	mean_exposure	median_exposure	0%	100%	2.5%	25%	75%	97.5%
Rearrangement Signature 1	0.0026438777132368725	0.010093049480633647	0.006501364865082768	3.7908365631053066e-5	0.07100857980432689	2.8699183460722454e-4	0.002527429545246896	0.014252812285596042	0.03671323552810123
Rearrangement Signature 2	0.25817768758945836	0.2586502078450574	0.2594760596034056	0.05631123812149307	0.4751777141442606	0.11588606781357813	0.21457822299489102	0.30592303168038176	0.3976718376437131
Rearrangement Signature 3	0.08705025226012601	0.09394369606809258	0.09001257433316491	0.005740388638485224	0.2560144639169611	0.03212718784730122	0.06506156621443704	0.11648492797465188	0.18576084025561457
Rearrangement Signature 4	0.003275361490389892	0.011773163566257025	0.007652062596322378	1.4653095459862452e-5	0.08488884290867015	2.0913502697721107e-4	0.003158105455995463	0.016371491897421108	0.046222949079385456
Rearrangement Signature 5	0.6151932559203253	0.6141023835171534	0.6126392315755882	0.39875395107456485	0.8435500579437074	0.47493295659021856	0.5604508895681619	0.6641827888884054	0.7668445826256517
Rearrangement Signature 6	0.0032890205545150607	0.011437499522806012	0.00796027027901941	4.024744192476781e-5	0.07443735975668597	2.685203022525645e-4	0.003287521714338132	0.01556967364403039	0.04042238015338971
