signature	mode_exposure	mean_exposure	median_exposure	0%	100%	2.5%	25%	75%	97.5%
Rearrangement Signature 1	0.24588062733102922	0.9386536016989292	0.6046269324526975	0.0035254780036879352	6.6037979218024	0.026690240618471882	0.23505094770796134	1.3255115425604318	3.4143309041134144
Rearrangement Signature 2	24.01052494581963	24.054469329590336	24.13127354311672	5.236945145298856	44.19152741541623	10.777404306662767	19.955774738524866	28.450841946275503	36.98348090086532
Rearrangement Signature 3	8.095673460191719	8.73676373433261	8.371169412984337	0.5338561433791258	23.80934514427738	2.9878284697990134	6.050725657942645	10.833098301642625	17.275758143772155
Rearrangement Signature 4	0.3046086186062602	1.0949042116619032	0.7116418214579812	0.001362737877767208	7.894662390506324	0.019449557508880628	0.2937038074075781	1.522548746460163	4.298734264382847
Rearrangement Signature 5	57.21297280059024	57.11152166709526	56.9754485365297	37.08411744993453	78.45015538876478	44.16876496289033	52.121932729839074	61.7689993666217	71.31654618418561
Rearrangement Signature 6	0.30587891156990055	1.0636874556209592	0.7403051359488051	0.0037430120990034066	6.922674457371795	0.024972388109488503	0.30573951943344624	1.4479796488948262	3.759281354265243
