signature	mode_exposure	mean_exposure	median_exposure	0%	100%	2.5%	25%	75%	97.5%
Rearrangement Signature 1	26.915280999333937	26.762023142174417	26.447613915188008	8.284399506171681	53.48781543787536	15.582367859265405	22.364350351366756	30.77825762564738	39.83470244351291
Rearrangement Signature 2	316.5067323681942	317.92422224765227	317.46116045633113	272.3982646149773	362.11786561215587	288.75093274014955	308.54837416815616	327.4202636836653	347.7735369653663
Rearrangement Signature 3	28.958179511979132	32.91511774601134	32.59918950943299	12.354808437863927	61.381435118771996	17.486464583347125	26.999272176642545	38.610765785338536	51.106121299703474
Rearrangement Signature 4	0.7950153116050569	2.499571461733692	2.016673682466233	5.918432585033536e-4	16.329758987375737	0.1187134501153846	0.9012335156440882	3.4898792412222197	7.557359741287106
Rearrangement Signature 5	110.65588655348265	109.51208729478049	109.78588016655695	69.46417954724336	155.7979369167098	82.85703490019297	99.61229010385966	118.61979957174279	136.53311084282285
Rearrangement Signature 6	2.027166893865859	3.3869781076477765	3.0286173119317956	0.04516006027514011	15.152681898663548	0.23912972605581964	1.6738026854905426	4.588659250768304	8.765890153193986
