signature	mode_exposure	mean_exposure	median_exposure	0%	100%	2.5%	25%	75%	97.5%
Rearrangement Signature 1	0.054594890465180394	0.054284022600759464	0.053646275690036535	0.016804055793451685	0.10849455464072082	0.031607237037049506	0.04536379381615975	0.06243054285121172	0.08080061347568541
Rearrangement Signature 2	0.6420014855338625	0.6448767185550757	0.643937445144688	0.5525319769066476	0.7345189971849003	0.5857016891280924	0.6258587711321625	0.6641384658897878	0.7054229958729539
Rearrangement Signature 3	0.05873870083565747	0.06676494471807574	0.06612411665199389	0.025060463362807154	0.12450595358777282	0.035469502197458674	0.054765257964792174	0.07831798333740067	0.10366353204808007
Rearrangement Signature 4	0.00161260712293115	0.005070124668831019	0.004090615988775319	1.2004934249560925e-6	0.03312324338210089	2.4079807325635825e-4	0.0018280598694606252	0.0070788625582600805	0.01532933010403064
Rearrangement Signature 5	0.22445413094012703	0.22213405130787117	0.2226894121025496	0.1409009727124612	0.3160201560176669	0.16806700791114193	0.2020533267826768	0.2406081127215878	0.27694342970146624
Rearrangement Signature 6	0.0041119003932370375	0.00687013814938697	0.006143239983634474	9.160255633902659e-5	0.030735663080453446	4.850501542714394e-4	0.0033951372930842647	0.009307625255108122	0.01778071024988638
