signature	mode_exposure	mean_exposure	median_exposure	0%	100%	2.5%	25%	75%	97.5%
Rearrangement Signature 1	19.1202851091753	20.050334813832624	19.636151499415696	7.41601658116307	37.011554690457025	11.08807249051161	16.10152679415563	23.470736089623156	31.81274788336095
Rearrangement Signature 2	196.21472258408255	194.66611669136842	194.9434457417611	162.376417179847	228.6092516853088	173.08178759625883	187.03664356288277	202.8450664317632	215.5895976850591
Rearrangement Signature 3	10.37014662765075	11.50589145918133	10.955504860127718	1.4519198295934084	35.72082960340624	3.7090133521293804	8.256042599398988	14.204577464008814	22.23430861112807
Rearrangement Signature 4	1.4194508378399313	3.531696563758089	2.7453528867161547	0.007841426469018887	20.16855854467151	0.10026377479582199	1.3302129276876706	5.089955619538582	10.919590820785658
Rearrangement Signature 5	56.6440532209229	58.90159332340802	58.51745746946126	30.76162107434576	89.47080474922261	40.051004025552594	52.35438686254389	65.3074101970188	78.45420070512465
Rearrangement Signature 6	4.240405404225966	5.344367148451529	4.827407096165617	0.003870989617588083	19.953407957793353	0.20768138704715136	2.840042648265384	7.423577810110778	12.849755402390537
