signature	mode_exposure	mean_exposure	median_exposure	0%	100%	2.5%	25%	75%	97.5%
Rearrangement Signature 1	0.2929417477362526	1.0353531366145001	0.7133839600950299	5.41476342404855e-4	7.245006357774699	0.02636212115284588	0.2701424852720465	1.4837823324698618	3.6748663157463595
Rearrangement Signature 2	1.4347351067123464	4.556372678151488	3.8209246813874196	0.0018785200572997561	20.651072805685764	0.09924068908160806	1.674442427566486	6.637075011959388	13.50334921478863
Rearrangement Signature 3	4.359263836630221	4.769927032190061	4.405482005274541	0.0142368267453255	20.136268851185342	0.7755914443975429	2.7986703161182005	6.314946501076912	11.054743553760611
Rearrangement Signature 4	0.30681983273203617	1.118028971722162	0.6929652405098188	8.333714795471974e-5	8.665389430971766	0.016385530344461687	0.29724341260209425	1.5685444449527814	4.186675810947369
Rearrangement Signature 5	54.3721980996763	52.50081195984378	53.04284872749517	34.48139708045984	61.913089232096	42.8529091462242	49.70244444465702	55.694097686820776	59.80221106451268
Rearrangement Signature 6	0.2799265070638375	1.0195062214780064	0.7313542458114586	0.002195030168593015	8.152858788967905	0.023142572808668216	0.29770921977636616	1.390479798453612	3.9797733926808627
