signature	mode_exposure	mean_exposure	median_exposure	0%	100%	2.5%	25%	75%	97.5%
Rearrangement Signature 1	0.0045067961190192705	0.015928509794069234	0.010975137847615845	8.330405267766999e-6	0.1114616362734569	4.055710946591674e-4	0.004156038234954562	0.022827420499536337	0.056536404857636294
Rearrangement Signature 2	0.022072847795574564	0.0700980412023306	0.058783456636729535	2.8900308573842403e-5	0.31770881239516563	0.0015267798320247395	0.02576065273179209	0.10210884633783675	0.20774383407367122
Rearrangement Signature 3	0.06706559748661879	0.07338349280292401	0.06777664623499294	2.1902810377423846e-4	0.30978875155669755	0.011932176067654508	0.04305646640181847	0.09715302309349096	0.17007297775016325
Rearrangement Signature 4	0.004720305118954401	0.017200445718802495	0.01066100370015106	1.28210996853415e-6	0.13331368355341178	2.5208508222248754e-4	0.004572975578493758	0.02413145299927356	0.06441039709149798
Rearrangement Signature 5	0.8364953553796353	0.8077047993822121	0.8160438265768487	0.5304830320070745	0.9525090651091692	0.6592755253265261	0.7646529914562618	0.8568322721049351	0.9200340163771181
Rearrangement Signature 6	0.0043065616471359616	0.015684711099661637	0.011251603781714747	3.3769694901431e-5	0.12542859675335238	3.5603958167181873e-4	0.004580141842713326	0.021391996899286336	0.061227282964320964
