signature	mode_exposure	mean_exposure	median_exposure	0%	100%	2.5%	25%	75%	97.5%
Rearrangement Signature 1	0.2956211877463929	0.9953284173155442	0.7396708580665112	0.0028439566446085474	5.28986084642871	0.040705879520367326	0.3021199303836242	1.4250644387076126	3.4243479674696182
Rearrangement Signature 2	32.03868586084986	30.84142018315805	31.19189187099571	14.533739588158594	46.21855794377019	19.081730777419875	26.79776326671307	34.39729010307677	41.65082855198343
Rearrangement Signature 3	0.45341933395494005	1.48081587517566	1.035744929547443	9.984531686500178e-4	8.81950588361356	0.03483002350222233	0.4486220629638644	1.989366298474327	5.448971371625459
Rearrangement Signature 4	0.33238946099672095	1.1062813387910269	0.7100154382193058	0.009538325809828534	7.289900826371093	0.04028797760768009	0.3073083701854553	1.5793402046497276	4.07113143541741
Rearrangement Signature 5	22.757663037317535	23.531670479365108	23.243355369322657	6.400331299133383	39.51513089758579	12.833366818376808	19.754991479865716	27.104512978518997	35.08141965714037
Rearrangement Signature 6	0.29843179056595326	1.044483706194613	0.7119639990140028	5.0108407767146534e-5	6.857953607304751	0.028020629600383776	0.28960858150756436	1.50191905348064	3.6964963782231868
