signature	mode_exposure	mean_exposure	median_exposure	0%	100%	2.5%	25%	75%	97.5%
Rearrangement Signature 1	0.005010528605871069	0.016869973174839733	0.012536794204517138	4.820265499336521e-5	0.08965865841404594	6.899301613621582e-4	0.005120676786163123	0.02415363455436631	0.05803979605880709
Rearrangement Signature 2	0.5430285739127095	0.5227359353077635	0.5286761334067069	0.24633456929082365	0.7833653888774609	0.3234191657189809	0.4541993774019164	0.5830049170013012	0.7059462466437869
Rearrangement Signature 3	0.00768507345686339	0.02509857415551966	0.017554998805888865	1.692293506186471e-5	0.14948315056972136	5.903393813935988e-4	0.007603763779048551	0.03371807285549707	0.0923554469767027
Rearrangement Signature 4	0.00563371967791053	0.01875053116594961	0.012034159969818742	1.6166653914963618e-4	0.12355764112493378	6.828470780962726e-4	0.005208616443821276	0.026768478044910636	0.06900222771893914
Rearrangement Signature 5	0.38572310232741586	0.39884187253161196	0.3939551757512315	0.1084801915107353	0.6697479813150135	0.21751469183689504	0.3348303640655206	0.45939852505964407	0.5946003331718707
Rearrangement Signature 6	0.005058165941795815	0.017703113664315477	0.012067186423966147	8.492950469007887e-7	0.1162365018187246	4.749259254302335e-4	0.004908620025551938	0.02545625514373966	0.06265248098683368
