signature	mode_exposure	mean_exposure	median_exposure	0%	100%	2.5%	25%	75%	97.5%
Rearrangement Signature 1	0.012337745242021043	0.03088528356321833	0.02308773666651061	3.005374926862989e-5	0.14663548361734896	8.805537071692836e-4	0.011200309284735761	0.045426965479834894	0.09927484404131758
Rearrangement Signature 2	0.27360023610692535	0.26701456559778247	0.2651187698631802	0.05409830087353509	0.49417584177848584	0.12189707591715167	0.20958834932099057	0.31698120048672535	0.41766874942152454
Rearrangement Signature 3	0.05614557320663133	0.07203231400001558	0.06725265064896968	1.0232320377032815e-5	0.23500805490818452	0.00913811356699895	0.042804229352237926	0.09656170431788468	0.16898747773942013
Rearrangement Signature 4	0.004275648922620841	0.01743149936556491	0.01216853955300273	1.273992793605482e-5	0.10033444097147345	4.2024421131487197e-4	0.004505607069736284	0.024238978234845967	0.06273738490333917
Rearrangement Signature 5	0.5986924346587085	0.5937365577062784	0.59594993902675375	0.36180560683812246	0.8166539985417113	0.43551920673370564	0.5392756551520801	0.6536703074872368	0.7352498254766334
Rearrangement Signature 6	0.005395962106902328	0.018899779767140315	0.01265492409505628	1.7323746988262556e-5	0.11184989935407519	4.916938136981658e-4	0.005201042553558924	0.026952117178209525	0.07481037121037128
