signature	mode_exposure	mean_exposure	median_exposure	0%	100%	2.5%	25%	75%	97.5%
Rearrangement Signature 1	0.7526024597632839	1.884002297356318	1.4083519366571473	0.0018332787053864234	8.944764500658287	0.0537137761373263	0.6832188663688814	2.7710448942699286	6.055765486520372
Rearrangement Signature 2	16.68961440252245	16.28788850146473	16.172244961653995	3.299996353285641	30.144726348487637	7.435721630946252	12.784889308580425	19.335853229690247	25.477793714713
Rearrangement Signature 3	3.4248799656045086	4.39397115400095	4.10241168958715	6.241715429990017e-4	14.335491349399256	0.557424927586936	2.6110579904865134	5.890263963390965	10.308236142104628
Rearrangement Signature 4	0.26081458427987103	1.0633214612994595	0.7422809127331664	7.77135604099344e-4	6.120400899259881	0.02563489689020719	0.2748420312539133	1.478577672325604	3.8269804791036894
Rearrangement Signature 5	36.520238514181216	36.21793002008298	36.35294628063198	22.07014201712547	49.81589391104439	26.566671610756043	32.89581496427689	39.87388875672144	44.85023935407464
Rearrangement Signature 6	0.3291536885210419	1.1528865657955591	0.7719503697984331	0.001056748566284016	6.822843860598587	0.029993322635588116	0.3172635957670944	1.6440791478707812	4.563432643832648
