signature	mode_exposure	mean_exposure	median_exposure	0%	100%	2.5%	25%	75%	97.5%
Rearrangement Signature 1	0.0631940879147392	0.06512715622975623	0.06412453734283191	0.021465945635775398	0.13454926735241823	0.03356328802660514	0.05189348381719614	0.07627854337371465	0.10558815716367712
Rearrangement Signature 2	0.6531702811018333	0.6499841894098888	0.6518684877809751	0.5149656128912924	0.7450745611948761	0.5735743779353502	0.6283172413040367	0.6738914510821377	0.714886803618175
Rearrangement Signature 3	0.03849380604740408	0.04364109973072964	0.04139958498083386	0.008061964120249537	0.10533097016385445	0.01642416665298201	0.030802279115891472	0.05449581031653899	0.08130307205490148
Rearrangement Signature 4	0.002826505880118578	0.00787029770103099	0.00604191508716961	2.5295071155667406e-6	0.036823995020051715	2.2802541236285426e-4	0.0026606580053166896	0.011495712380942477	0.024987501424020325
Rearrangement Signature 5	0.20943542356247136	0.2208341924769842	0.21883705030677453	0.12901357842758204	0.32479966748218275	0.1562997080435826	0.19716202443237005	0.24374984238424302	0.29272092099249186
Rearrangement Signature 6	0.011559075203958645	0.012543064451610223	0.011654674107801646	1.736869017210374e-5	0.0689463500817413	6.519062446016709e-4	0.006468244735267692	0.017614122440873736	0.030124345598452514
