signature	mode_exposure	mean_exposure	median_exposure	0%	100%	2.5%	25%	75%	97.5%
Rearrangement Signature 1	21.865154418499763	22.533996055495656	22.18708992061984	7.427217189978288	46.55404650393671	11.612897657205378	17.955145400749863	26.392376007305266	36.533502378632285
Rearrangement Signature 2	225.99691726123433	224.8945295358215	225.54649677221738	178.17810206038718	257.79579817342716	198.45673476563115	217.39776549119668	233.16644207441962	247.35083405188857
Rearrangement Signature 3	13.318856892401808	15.099820506832456	14.324256403368516	2.78943958560634	36.44451567669364	5.682761661931776	10.65758857409845	18.85555036952249	28.13086293099591
Rearrangement Signature 4	0.9779710345210275	2.7231230045567223	2.090502620160685	8.752094619860922e-4	12.741102276937893	0.07889679267754758	0.9205876698395745	3.9775164838060975	8.645675492711032
Rearrangement Signature 5	72.4646565526151	76.40863059703652	75.71761940614398	44.638698135943386	112.38068494883524	54.079698983079574	68.21806045360003	84.33744546494809	101.28143866340218
Rearrangement Signature 6	3.9994400205696907	4.3399003002571375	4.03251724129937	0.006009566799547894	23.85543712828249	0.22555956063217816	2.2380126784026215	6.094486364542313	10.423023577064571
