signature	mode_exposure	mean_exposure	median_exposure	0%	100%	2.5%	25%	75%	97.5%
Rearrangement Signature 1	14.793625388818823	15.93550392909259	15.372564708831828	2.710470479936916	38.90030745278699	6.751075649337593	12.203578405151672	19.180553529910057	27.631541822634716
Rearrangement Signature 2	272.81831717293267	274.049753074446	274.18666560374635	234.04998865004566	303.0681388429666	251.4284833825626	266.2037216924035	281.63851703797394	295.8172457698404
Rearrangement Signature 3	29.27664074188791	29.318288277057917	29.04498641378691	10.592329603433985	55.227541210128166	15.570801265080279	24.052795560985572	34.249532139588716	44.878228370417204
Rearrangement Signature 4	0.28917103613513584	1.0937196634395876	0.7326837469333778	0.0018781152090737961	8.109244060416152	0.028769050807593146	0.2958258447872157	1.4845504738885111	4.351946770810773
Rearrangement Signature 5	58.8520005164702	58.448664943376826	58.199785715421406	27.466600668167555	93.90855328051832	38.94047944741112	50.916078392337205	65.56373629170625	78.8412455565559
Rearrangement Signature 6	0.33571883467916597	1.1540701125870625	0.705755772697414	0.0021926781130010564	7.575389637282607	0.03440117345832378	0.3175172591916753	1.560911351286463	4.518485154538336
