signature	mode_exposure	mean_exposure	median_exposure	0%	100%	2.5%	25%	75%	97.5%
Rearrangement Signature 1	0.03893059312847058	0.04193553665550682	0.0404541176548206	0.007132817052465568	0.10236923013891314	0.017765988550888404	0.03211468001355704	0.050475140868184366	0.07271458374377555
Rearrangement Signature 2	0.7179429399287702	0.7211835607222263	0.7215438568519641	0.6159210227632781	0.7975477337972806	0.6616539036383227	0.7005361097168513	0.7411539922051946	0.7784664362364221
Rearrangement Signature 3	0.07704379142602082	0.077153390202784	0.07643417477312345	0.02787455158798417	0.14533563476349518	0.040975792802842845	0.06329683042364626	0.09013034773575979	0.11810060097478212
Rearrangement Signature 4	7.609764108819368e-4	0.0028782096406304936	0.001928115123508889	4.9424084449310426e-6	0.021340115948463557	7.57080284410346e-5	7.784890652295148e-4	0.003906711773390819	0.011452491502133615
Rearrangement Signature 5	0.15487368556965841	0.15381227616678111	0.15315733083005634	0.07228052807412515	0.24712777179083767	0.10247494591423978	0.13398967997983474	0.17253614813606905	0.20747696199093663
Rearrangement Signature 6	8.834706175767527e-4	0.003037026612071217	0.0018572520334142473	5.770205560529096e-6	0.019935235887585806	9.052940383769417e-5	8.35571734714935e-4	0.0041076614507538495	0.011890750406679832
