signature	mode_exposure	mean_exposure	median_exposure	0%	100%	2.5%	25%	75%	97.5%
Rearrangement Signature 1	0.36250758849286213	1.1996251582564248	0.7952838012467005	0.007672490725217246	10.137858240079593	0.02711402834393444	0.35535659398921077	1.6391152003955498	4.151788969039895
Rearrangement Signature 2	37.310264796657236	37.063513781517216	37.18909328884585	13.551018141819101	58.8199313488258	22.570699776687313	32.62254023446411	41.57039402091699	51.79225190811797
Rearrangement Signature 3	2.933204157993654	4.882709623155571	4.353080304242848	0.03214793989668437	17.713194028341956	0.5269691223103813	2.52896688268883	6.778143932137574	12.042480253289932
Rearrangement Signature 4	0.6364657652223502	1.7422632352269016	1.3442432002909857	0.006779898782342576	8.439857469240525	0.08782797281002917	0.6488981640861909	2.4373762430492265	5.480917645061174
Rearrangement Signature 5	63.209369873638465	62.48369813145243	62.61516273943542	39.73805370781384	88.16482740684037	47.52819969071408	57.74028081075697	67.10433620711964	77.60739419583133
Rearrangement Signature 6	0.4780134508328535	1.6281900703914562	1.305331555282521	0.0020994591809028185	9.35469680923877	0.024159333571293913	0.5562314052168005	2.3094906155917547	5.390773033307596
