signature	mode_exposure	mean_exposure	median_exposure	0%	100%	2.5%	25%	75%	97.5%
Rearrangement Signature 1	0.003325757692595066	0.011005735396847934	0.007296181662813766	7.03898231671307e-5	0.0930078737621981	2.487525536140774e-4	0.003260152238433126	0.015037754132069264	0.03808980705541189
Rearrangement Signature 2	0.34229600730878196	0.3400322365276809	0.34118434209950316	0.12432126735613855	0.5396323976956495	0.20707064015309462	0.299289359949212	0.38137976165978893	0.4751582743864034
Rearrangement Signature 3	0.026910129889850032	0.044795501129867625	0.03993651655268668	2.9493522840994837e-4	0.162506367232495	0.0048345791037649665	0.023201531033842475	0.062184806716858484	0.1104814702136691
Rearrangement Signature 4	0.005839135460755509	0.015984066378228454	0.012332506424687941	6.220090626002363e-5	0.0774298850389039	8.057612184406346e-4	0.005953194165928356	0.02236124993623144	0.05028364811982728
Rearrangement Signature 5	0.57990247590494	0.5732449369858021	0.574451034306747	0.3645693000716866	0.8088516275856915	0.4360385292726062	0.5297273468876786	0.6156361119919233	0.7119944421635902
Rearrangement Signature 6	0.004385444503053702	0.014937523581572992	0.011975518855802947	1.926109340277815e-5	0.08582290650677771	2.216452621219625e-4	0.005103040414833032	0.021187987299006922	0.04945663333309721
