signature	mode_exposure	mean_exposure	median_exposure	0%	100%	2.5%	25%	75%	97.5%
Rearrangement Signature 1	0.23513777086689136	1.0002968002410433	0.6708553339389586	4.2311414928441256e-4	9.031703043956137	0.025188744402853225	0.2596762360736417	1.317615399120554	3.991159412949681
Rearrangement Signature 2	19.187674188994812	21.102236623213003	21.137825369559955	3.5635724388030834	44.013051722290726	7.606025611802897	16.146268944389686	26.017703306059673	34.55860185513975
Rearrangement Signature 3	7.105516307435233	7.909482354888272	7.463380020441914	0.9997813297631633	24.680708964764708	2.3017301988573453	5.321854924361038	9.95956736363579	16.230242502771684
Rearrangement Signature 4	0.361884722741332	1.117150752512517	0.7899724674122757	0.007111723631354531	6.211995193680512	0.03483052938183264	0.3515785013292938	1.6404105839420917	3.8457281833378874
Rearrangement Signature 5	57.50751180284733	58.76746068245256	58.679614482989194	34.51451348214845	80.61043947444585	44.816800021337386	54.20729733226567	63.72872772970008	73.94477082628114
Rearrangement Signature 6	0.30808477844702753	1.1033727866926029	0.7619806100184001	1.0555903859066351e-4	8.001356358405259	0.030167257825090048	0.3062865456469279	1.5505403198692274	4.012911130736052
