signature	mode_exposure	mean_exposure	median_exposure	0%	100%	2.5%	25%	75%	97.5%
Rearrangement Signature 1	0.002583931547987816	0.010992272530121354	0.007372036636691852	4.649606036092446e-6	0.09924948399951798	2.7679938904234314e-4	0.0028535850117982608	0.014479290100225868	0.04385889464779869
Rearrangement Signature 2	0.21085356251642653	0.23189271014519786	0.2322837952698896	0.039160136690143774	0.4836599090361618	0.08358269903080107	0.1774315268614251	0.2859088275391173	0.37976485555098627
Rearrangement Signature 3	0.07808259678500255	0.08691738851525574	0.08201516505980125	0.01098660801937542	0.2712165820303814	0.025293738448981817	0.05848192224572568	0.10944579520478889	0.17835431321727124
Rearrangement Signature 4	0.0039767551949596944	0.012276381895741945	0.008681016125409623	7.815080913576408e-5	0.06826368344703859	3.82753070130029e-4	0.0038635000146076248	0.01802648993342958	0.04226074926744931
Rearrangement Signature 5	0.6319506791521684	0.6457962712357425	0.6448309283844966	0.37928036793569725	0.8858290052136907	0.4924923079267845	0.5956845860688535	0.7003156893373634	0.8125798991899027
Rearrangement Signature 6	0.0033855470159014044	0.012124975677940691	0.008373413296905496	1.1599894350622364e-6	0.08792699294950834	3.315083277482423e-4	0.003365786215900307	0.017038904613947553	0.04409792451358299
