signature	mode_exposure	mean_exposure	median_exposure	0%	100%	2.5%	25%	75%	97.5%
Rearrangement Signature 1	0.0029530628390041667	0.010593027798140418	0.007382708882940369	3.220661932763834e-5	0.09238098025806006	3.552587196148401e-4	0.0029856616910873815	0.01493848475615909	0.037986717697629395
Rearrangement Signature 2	0.22310850565183407	0.23005278815876737	0.22975355007466947	0.03401130864950264	0.4938833963985001	0.07826026877300356	0.1774067337735104	0.28310054035418275	0.3836388512557509
Rearrangement Signature 3	0.073419025878101965	0.0901497791026505	0.08631705222509752	0.011742427270409044	0.22753836206871228	0.030374003066361555	0.06316025447922563	0.1114258299177224	0.17591830964044944
Rearrangement Signature 4	0.003366374484374199	0.011815070327907313	0.008489013418038927	4.3902302101353736e-7	0.06991428596371761	1.973493822051613e-4	0.0035023687186940115	0.01626864389382633	0.04407890451968802
Rearrangement Signature 5	0.6367442016489382	0.6454600763489584	0.643382824225871	0.38245094914004707	0.8351490082563098	0.4864247952812252	0.596428111046628	0.6977858505823562	0.802378486352276
Rearrangement Signature 6	0.003454873880289583	0.011929258263575979	0.008287400815018331	5.729952080479883e-5	0.09447971654017324	3.928373638781485e-4	0.003551962867513997	0.016283066250881856	0.042102754229375344
