signature	mode_exposure	mean_exposure	median_exposure	0%	100%	2.5%	25%	75%	97.5%
Rearrangement Signature 1	0.26872871834937895	0.963965529630778	0.6718265083475736	0.0029308023588150885	8.406669203483466	0.03232854348495045	0.27169521388895174	1.3594021128104774	3.456791310484275
Rearrangement Signature 2	20.302874014316906	20.93480372244783	20.907573056794924	3.0950290871047406	44.94338907226351	7.121684458343324	16.144012773389445	25.76214917223063	34.91113546427333
Rearrangement Signature 3	6.681131354907279	8.203629898341195	7.854851752483874	1.068560881607223	20.70599094825282	2.7640342790389014	5.747583157609533	10.139750522512738	16.008566177280898
Rearrangement Signature 4	0.30634007807805186	1.0751713998395656	0.7725002210415421	3.99510949122319e-5	6.362200022698302	0.01795879378066968	0.318715553401155	1.480446594338196	4.01118031129161
Rearrangement Signature 5	57.94372235005338	58.73686694775522	58.54783700455427	34.803036371744284	75.9985597513242	44.264656370591496	54.274958105243144	63.49851240299442	73.01644225805711
Rearrangement Signature 6	0.31439352310635216	1.085562501985414	0.7541534741666681	0.005214256393236694	8.597654205155765	0.035748200112911514	0.3232286209437737	1.4817590288302487	3.831350634873156
