signature	mode_exposure	mean_exposure	median_exposure	0%	100%	2.5%	25%	75%	97.5%
Rearrangement Signature 1	13.425993678336859	15.184072084150552	14.831730420064545	2.444577275530695	41.60828034840186	5.78030527697321	11.158391261814469	18.71009858449805	26.971977099045635
Rearrangement Signature 2	199.14863181646038	202.46304918804003	202.3674094302927	160.69118492762513	243.27990957875187	179.47965668175445	193.9779693012649	211.01678823214996	226.2055134941336
Rearrangement Signature 3	25.453904753020645	28.1520874673756	27.43939178600804	10.775422168697288	52.4794827714018	15.905891531357788	22.625904938200062	33.164975252805526	43.09907153042881
Rearrangement Signature 4	21.277707654477457	24.56213422728953	24.077278572055988	7.236101014771638	49.28174240411538	11.464443471229536	19.20552319167045	29.71689293115542	40.71330521848532
Rearrangement Signature 5	74.08466419232164	74.88022219519313	74.51384967647371	40.08887464318116	106.62052897080346	53.34286085040118	67.1091773040952	82.96310840108083	97.23683908603331
Rearrangement Signature 6	13.157812561164745	15.758434837951166	15.375679540376312	0.02556429917172945	38.34083576587218	1.757589690167301	10.47252907499704	21.010180326203226	31.41103512722698
