signature	mode_exposure	mean_exposure	median_exposure	0%	100%	2.5%	25%	75%	97.5%
Rearrangement Signature 1	0.037191118222539774	0.04206114150734225	0.04108512581735331	0.006771682203686136	0.11525839431690267	0.01601192597499504	0.030909671085358643	0.051828527934897645	0.0747146180028965
Rearrangement Signature 2	0.5516582598793917	0.5608394714350139	0.5605745413581515	0.44512793608760426	0.6739055667001437	0.4971735642153862	0.5373350950173542	0.5845340394242382	0.6266080706208687
Rearrangement Signature 3	0.07050943144881065	0.0779836217932842	0.07600939552910815	0.029848814871737638	0.14537252845263657	0.04406064136110191	0.06267563694792261	0.09186973754239758	0.1193880097795812
Rearrangement Signature 4	0.05894101843345556	0.06803915298418152	0.0666960625264709	0.020044601148951905	0.13651452189505645	0.03175746113913999	0.05320089526778519	0.08231826296718953	0.1127792388323693
Rearrangement Signature 5	0.20522067643302394	0.20742443821383136	0.2064095558905089	0.11104951424703921	0.295347725680896	0.14776415748033567	0.18589799807228582	0.22981470471213525	0.26935412489205907
Rearrangement Signature 6	0.03644823424145358	0.04365217406634672	0.04259191008414491	7.081523316268545e-5	0.10620730129050465	0.004868669501848479	0.02900977583101673	0.05819994550194799	0.08701117763774786
