signature	mode_exposure	mean_exposure	median_exposure	0%	100%	2.5%	25%	75%	97.5%
Rearrangement Signature 1	0.058851657571090794	0.06041131531839372	0.05960146850054407	0.024021406009971363	0.10995351195610689	0.035427952247366404	0.050868901756389494	0.06930547377049456	0.09086482744314163
Rearrangement Signature 2	0.7163010279804805	0.7071031874286271	0.7089385922384122	0.6105422896371018	0.7844633016606151	0.6509518131380247	0.6864665850541958	0.727489035167523	0.765344963969673
Rearrangement Signature 3	0.0454953365347368	0.05110310096247773	0.050043078559750265	0.02029923136878623	0.1075830214174253	0.027115097873382545	0.041482949835330775	0.059792869524721105	0.07926503794033453
Rearrangement Signature 4	0.012824819286722269	0.016267210705792703	0.014866755397823374	6.11231346886614e-4	0.05163635540282946	0.003744271825753079	0.010045035497225522	0.021414993017644483	0.033819248594140844
Rearrangement Signature 5	0.14589329977876378	0.15472146520448385	0.15257531332369845	0.07788109498552305	0.2581990777376919	0.10695882917431786	0.1357275137753809	0.1733713899455173	0.2119041668036085
Rearrangement Signature 6	0.005493083736360988	0.01039372038022494	0.009354474175685579	8.996192428303851e-5	0.04954417944082504	4.603693823921173e-4	0.004900480148023162	0.014547385482614625	0.027167393971203165
