signature	mode_exposure	mean_exposure	median_exposure	0%	100%	2.5%	25%	75%	97.5%
Rearrangement Signature 1	18.760326952284274	20.60098501260038	20.013958760851924	6.303929664489829	41.0020764811437	11.474076903240851	16.904664190217254	23.881728588197774	32.44489087356362
Rearrangement Signature 2	253.5661853585965	259.3498698630015	259.2778873319859	228.96506310584738	291.40231322730364	238.72499898126765	251.83865207451498	266.92689442360756	280.12519700466254
Rearrangement Signature 3	19.95014461508177	20.048410322662843	19.840453417019226	6.287984670341602	38.502912852982234	10.553118514664305	16.29576579551135	23.33750465751617	32.255722578067
Rearrangement Signature 4	0.3554906949009291	1.1576283783568722	0.829333625171919	0.001434284652615718	6.254165127171244	0.029439585382348813	0.3540299796100381	1.5848235601083254	4.388147921597061
Rearrangement Signature 5	60.93685008869015	61.71016836380619	61.54138254542971	28.665693386905208	96.61421064971779	40.837455123370674	53.96779167692578	69.19795740942519	81.89499203872164
Rearrangement Signature 6	0.30894106981000236	1.1329380595721876	0.7670869904368394	3.761745797636884e-6	7.6818651009139804	0.01817237539123897	0.32338542356893074	1.5703743963382022	4.488480019570561
