signature	mode_exposure	mean_exposure	median_exposure	0%	100%	2.5%	25%	75%	97.5%
Rearrangement Signature 1	0.05153935975902273	0.05659611267197906	0.05498340318915364	0.01731848808925777	0.1126430672558893	0.031522189294617725	0.04644138513795949	0.0656091444730708	0.08913431558671324
Rearrangement Signature 2	0.6966103993368035	0.7124996424807735	0.7123018882746865	0.6290248986424378	0.8005558055695154	0.6558379092891968	0.6918644287761401	0.7333156440209001	0.7695747170457763
Rearrangement Signature 3	0.05480808960187299	0.05507805033698583	0.05450674015664623	0.017274683160279126	0.10577723311258856	0.028992083831495343	0.04476858735030591	0.06411402378438508	0.08861462246721705
Rearrangement Signature 4	9.766227881893661e-4	0.0031802977427386595	0.0022783890801426343	3.940342452240984e-6	0.017181772327393527	8.08779818196396e-5	9.726098340935114e-4	0.004353910879418476	0.01205535143295896
Rearrangement Signature 5	0.16740892881508285	0.16953342957089612	0.16906973226766406	0.07875190490908024	0.2654236556310928	0.11219081077849086	0.14826316394759828	0.19010427859732193	0.22498624186461988
Rearrangement Signature 6	8.487392027747317e-4	0.0031124671966268895	0.0021073818418594487	1.0334466477024407e-8	0.021104025002510934	4.992410821768948e-5	8.884214933212384e-4	0.004314215374555501	0.012330989064754288
