signature	mode_exposure	mean_exposure	median_exposure	0%	100%	2.5%	25%	75%	97.5%
Rearrangement Signature 1	25.718174358566678	26.39974479413806	26.04584173473776	10.497354426357486	48.04968472481871	15.48201513209912	22.22971006754221	30.286492037706125	39.707929592652896
Rearrangement Signature 2	313.02354922746997	309.00409290631	309.80616480818605	266.8069805714135	342.8104628256888	284.4659423413168	299.98589766868355	317.9127083682076	334.4557492547471
Rearrangement Signature 3	19.881462065679983	22.332055120602767	21.868825330610868	8.870764108159584	47.01378035941486	11.849297770668171	18.12804907803955	26.129483982303125	34.638821579926194
Rearrangement Signature 4	5.604446028297632	7.1087710784314115	6.496772108848814	0.26710809858945034	22.565087311036475	1.6362467878540954	4.389680512287553	9.35835194871064	14.779011635639547
Rearrangement Signature 5	63.75537200331977	67.61328029435944	66.67541192245622	34.034038508673575	112.83299697137136	46.7410083491769	59.31292351984145	75.76329740619106	92.6021208931769
Rearrangement Signature 6	2.400477592789753	4.542055806158299	4.087905214774598	0.03931336091168783	21.65080641564054	0.20118142010535525	2.1415098246861217	6.357207455902591	11.872151165415783
