signature	mode_exposure	mean_exposure	median_exposure	0%	100%	2.5%	25%	75%	97.5%
Rearrangement Signature 1	0.29526383707262815	0.9478893948153996	0.6503013346741247	0.00223894232171422	4.960578133681177	0.036845012683333116	0.2926200208904719	1.2977399873859947	3.3434697066280434
Rearrangement Signature 2	1.3409039279164863	3.7424368349890607	2.9032889220079943	0.008249543400306156	17.325159348731972	0.1207444649662914	1.352420184682158	5.610018492057785	10.409315177505439
Rearrangement Signature 3	2.121820313403411	2.9444133066236082	2.5706866233700962	0.012618148359221025	13.174635536713039	0.10275414041824737	1.4133412297831605	4.128367766902107	7.766297089957221
Rearrangement Signature 4	2.0283926351998582	2.6387341935914903	2.3392680141898583	0.10658056937328751	9.97878840656441	0.5251311868862549	1.4602761112615565	3.458088004314211	6.5429402436247015
Rearrangement Signature 5	40.17595276822076	38.31691640698073	38.593071816792104	24.055606198305888	47.44131084500212	29.54532586808452	35.74176271562556	41.16783582677077	44.67021206630245
Rearrangement Signature 6	0.625389576143583	1.409609862999708	1.1389104146261682	0.0089487298247648	6.1514610416105455	0.09813946239303249	0.5644119427992506	1.9220632528549388	4.330807652520651
