signature	mode_exposure	mean_exposure	median_exposure	0%	100%	2.5%	25%	75%	97.5%
Rearrangement Signature 1	0.005905276741452562	0.01895778789630799	0.013006026693482492	4.47788464342844e-5	0.09921156267362355	7.369002536666623e-4	0.005852400417809438	0.025954799747719894	0.06686939413256086
Rearrangement Signature 2	0.026818078558329718	0.07484873669978122	0.05806577844015988	1.6499086800612312e-4	0.34650318697463944	0.002414889299325828	0.027048403693643162	0.11220036984115568	0.20818630355010878
Rearrangement Signature 3	0.042436406268068216	0.05888826613247217	0.051413732467401926	2.523629671844205e-4	0.2634927107342608	0.002055082808364947	0.02826682459566321	0.08256735533804216	0.1553259417991444
Rearrangement Signature 4	0.04056785270399717	0.052774683871829806	0.046785360283797164	0.0021316113874657503	0.19957576813128822	0.010502623737725099	0.02920552222523113	0.06916176008628422	0.13085880487249402
Rearrangement Signature 5	0.8035190553644151	0.7663383281396147	0.7718614363358421	0.48111212396611774	0.9488262169000424	0.5909065173616904	0.7148352543125113	0.8233567165354154	0.8934042413260488
Rearrangement Signature 6	0.012507791522871658	0.02819219725999416	0.02277820829252336	1.78974596495296e-4	0.1230292208322109	0.00196278924786065	0.011288238855985011	0.03844126505709877	0.08661615305041301
