signature	mode_exposure	mean_exposure	median_exposure	0%	100%	2.5%	25%	75%	97.5%
Rearrangement Signature 1	0.0050332973959203945	0.0160687016838347	0.011110086366038796	7.043617017325832e-6	0.1779769691663311	4.1864053139599943e-4	0.004724012316251771	0.02294382531625542	0.05591403641987437
Rearrangement Signature 2	0.1945530225932398	0.2203770804638064	0.21629073303078358	0.01790450165604841	0.5298098835207284	0.07941159868528878	0.16131200257220069	0.2742493282622659	0.38900259641114776
Rearrangement Signature 3	0.008934839871486949	0.03356899527046367	0.026799562428433225	1.0135542807959334e-6	0.2409006143255565	7.294771776624697e-4	0.01073670841863894	0.04640580302203378	0.11344927762181063
Rearrangement Signature 4	0.004287360154400522	0.016365516065169217	0.011932568462423259	2.785800530124865e-5	0.14022025560601487	4.7385281931248643e-4	0.004784767140933047	0.021909306201345777	0.058445161704893805
Rearrangement Signature 5	0.6937592274445198	0.6962176658514934	0.6978244591339197	0.38901129745575014	0.916285228015655	0.5296108543608946	0.6379532086109758	0.7590567706186624	0.854490893581369
Rearrangement Signature 6	0.005019076002782152	0.01740204066523261	0.01200446336710509	1.0289997192092226e-4	0.12239679407079651	5.51535424995353e-4	0.004987262466598641	0.02350679480352849	0.06538623399532728
