signature	mode_exposure	mean_exposure	median_exposure	0%	100%	2.5%	25%	75%	97.5%
Rearrangement Signature 1	0.32716433073482554	1.0444656094492555	0.7221556137925218	4.578351061261791e-4	11.56850299581152	0.027211634540739965	0.3070608005563651	1.4913486455566023	3.634412367291834
Rearrangement Signature 2	12.645946468560586	14.324510230147418	14.058897647000933	1.1637926076431466	34.43764242884735	5.161753914543771	10.485280167193043	17.82620633704728	25.285168766724606
Rearrangement Signature 3	0.5807645916466515	2.1819846925801385	1.7419715578481598	6.588102825173567e-5	15.658539931161172	0.04741601654806053	0.6978860472115311	3.0163771964321957	7.3742030454176914
Rearrangement Signature 4	0.2786784100360341	1.0637585442359991	0.7756169500575119	0.0018107703445811622	9.114316614390967	0.03080043325531162	0.311009864160648	1.4241049030874753	3.7989355108180973
Rearrangement Signature 5	45.09434978389378	45.25414828034707	45.35858984370478	25.285734334623758	59.558539821017575	34.42470553345815	41.466958559713426	49.33869009021305	55.54190808278898
Rearrangement Signature 6	0.3262399401808399	1.1311326432401196	0.7802901188618308	0.006688498174859947	7.9557916146017735	0.035849802624697946	0.32417206032891166	1.527941662229352	4.250105209696273
