signature	mode_exposure	mean_exposure	median_exposure	0%	100%	2.5%	25%	75%	97.5%
Rearrangement Signature 1	0.05002459145959491	0.05498385445002168	0.05334023312385437	0.01497025138130622	0.11975512453050641	0.02947964813680298	0.04471129565101639	0.06444350357810999	0.08797049592689746
Rearrangement Signature 2	0.6273223276030683	0.6148772974791781	0.6164762732255628	0.5026040323931423	0.7108060610571334	0.5382438084308002	0.5908429153421215	0.6399070985401119	0.6804160365740888
Rearrangement Signature 3	0.0674224638320459	0.07045021355841857	0.06892965037557408	0.025798328444792875	0.14480505257745926	0.0356505067615967	0.05714328476251386	0.0828164810418085	0.11349516123728996
Rearrangement Signature 4	9.811196104668263e-4	0.003651835385863383	0.002520524009571553	6.129784578642858e-6	0.03346134319552536	1.4388822024169178e-4	0.0010694000878162095	0.004752005808561	0.013885602375944555
Rearrangement Signature 5	0.24650865695359153	0.25230761103359006	0.2507710790460457	0.1511595773292144	0.36604313425674584	0.18144189476188607	0.2295971476876579	0.275010961938597	0.3269884407326543
Rearrangement Signature 6	0.0010925494760321095	0.0037291880929282524	0.002748543905083417	9.034969826182682e-7	0.0221320228177887	1.1094269981356541e-4	0.0011412414544965804	0.005246377960654344	0.012314182150682796
