signature	mode_exposure	mean_exposure	median_exposure	0%	100%	2.5%	25%	75%	97.5%
Rearrangement Signature 1	19.110714630718125	21.050119328013526	20.477153795929024	7.222650927116158	42.96870743580955	10.22671083026378	16.8945237830196	24.999219874346032	33.513427472533145
Rearrangement Signature 2	278.55971640382654	278.60531954267196	278.70882340420815	240.89797907853915	311.8799928854207	253.9530153860376	270.3587750794211	287.73711970688754	300.9920836917195
Rearrangement Signature 3	23.917848031943315	25.489084748598394	24.8868399044374	8.930101986757167	50.39609284440421	13.451673406337889	20.56543169430463	29.627529099503857	40.504382504921125
Rearrangement Signature 4	1.1760283299393737	4.040735135154506	3.327286907355229	0.008422105481171255	16.14204169399595	0.10661012749070274	1.3797803693714639	6.136432761145048	11.32750642162851
Rearrangement Signature 5	68.81801819918522	69.81243924305548	69.33292377188607	37.34862680048993	111.88678536985036	48.204095015431626	61.526828917065124	78.02456757142502	92.8547193504844
Rearrangement Signature 6	4.478532611164454	6.00230200250613	5.361377770446734	0.005855717662629212	24.967205475453486	0.26368824639616256	2.984826058484373	8.725029125468444	14.386452827446144
