signature	mode_exposure	mean_exposure	median_exposure	0%	100%	2.5%	25%	75%	97.5%
Rearrangement Signature 1	16.057893858529965	17.64981727845696	17.12221483275725	4.805450693399297	38.44139497429256	9.462967051913756	14.352325903976261	20.686364648573306	28.23852919253408
Rearrangement Signature 2	201.37046716058492	197.37561249081617	197.88888370540565	161.3358943981987	228.16874559933981	172.77626250628688	189.66057582482102	205.41017863137589	218.41354774028247
Rearrangement Signature 3	21.642610890086736	22.614518552252363	22.12641777055928	8.281263430778512	46.48242187736442	11.443812670472543	18.34299440876695	26.58409041442053	36.431946757170074
Rearrangement Signature 4	0.314939394959851	1.172239158862146	0.8090882070724685	0.0019676608497443573	10.74109116576364	0.046188118697583054	0.3432774281890032	1.5253938645480813	4.457278362678203
Rearrangement Signature 5	79.12927888210288	80.9907431417824	80.49751637378066	48.52222432267782	117.49984609641541	58.24284821856543	73.70068440773818	88.27851878228964	104.96328947518202
Rearrangement Signature 6	0.35070838180630703	1.197069377829969	0.8822825935317768	2.900225314204641e-4	7.104379324510172	0.0356126066401545	0.36633850689340236	1.6840873253700446	3.952852470369177
