signature	mode_exposure	mean_exposure	median_exposure	0%	100%	2.5%	25%	75%	97.5%
Rearrangement Signature 1	0.04718694970547685	0.05197560327904574	0.05056087357019512	0.017833705992879402	0.10609557391557914	0.025251137852503158	0.04171487353832	0.06172646882554576	0.0827492036358843
Rearrangement Signature 2	0.6878017688983371	0.6879143692411653	0.6881699343313781	0.5948098248852819	0.7700740565072115	0.6270444824346608	0.667552531060299	0.7104620239676235	0.7431903301030109
Rearrangement Signature 3	0.0590564148936872	0.06293601172493431	0.06144898741836396	0.02204963453520288	0.12443479714667706	0.033214008410710844	0.05077884368964106	0.07315439283828112	0.10001082099980527
Rearrangement Signature 4	0.002903773654171292	0.009977123790504954	0.008215523228037603	2.0795322175731494e-5	0.039856893071594936	2.632348826930932e-4	0.00340686510955917	0.015151685829987774	0.027969151658341997
Rearrangement Signature 5	0.16992103259058078	0.1723763931927296	0.17119240437502733	0.09221883160614798	0.2762636675798774	0.11902245682822624	0.15191809609151885	0.19265325326277782	0.2292709119765047
Rearrangement Signature 6	0.011058105212751735	0.014820498771620073	0.013237969803572183	1.4458562129948671e-5	0.06164742092704564	6.510820898670679e-4	0.0073699408851466	0.02154328179128011	0.0355221057467806
