signature	mode_exposure	mean_exposure	median_exposure	0%	100%	2.5%	25%	75%	97.5%
Rearrangement Signature 1	0.3006157036894024	1.0150602996576028	0.7266115900966772	5.61977049489009e-4	5.682461818217277	0.019361335836340837	0.301346106907831	1.4408909678100112	3.5478073072419596
Rearrangement Signature 2	13.784077303710866	13.917986033568534	13.661940025278714	0.50449304416344	36.52305476496881	2.190812007574622	9.093226379889632	18.066725552203067	26.866822682381887
Rearrangement Signature 3	3.414967560248265	5.064744301377589	4.545680734626542	0.05060130337932089	20.762081344702057	0.7118540110507957	2.8021459517934066	6.755686947591332	12.271944554252837
Rearrangement Signature 4	0.5050644551136494	1.649520611333892	1.2498215646350774	0.005430095243683214	9.086476677296725	0.0647506632999865	0.5588149684543734	2.3286641615735997	5.768738111053844
Rearrangement Signature 5	56.31193706939112	55.80250861525766	55.88327679862019	33.321984910837244	73.17543047875046	41.59988116012709	50.98260319429842	60.65892083328774	68.36777910820138
Rearrangement Signature 6	0.5193082586360851	1.550180138804726	1.1291103841794978	0.0055634486716718	7.118373334270554	0.07969221953308958	0.508259150768628	2.206225387720128	5.046636321207472
