signature	mode_exposure	mean_exposure	median_exposure	0%	100%	2.5%	25%	75%	97.5%
Rearrangement Signature 1	27.127383984571814	25.847302599954183	25.70909432301441	8.949519295753472	48.62140076813298	14.10731238701954	21.42529848367081	29.68636579178586	39.02147212483195
Rearrangement Signature 2	200.86006544820634	202.2398101456964	202.16973711601457	156.1424913871475	242.54279197001765	177.983893662622	194.17621251842579	210.22497702808425	225.50841606405837
Rearrangement Signature 3	20.938385459144314	22.002557886731008	21.63730589348616	7.950130981638428	48.84997317282977	11.512867076679044	17.622184666361555	26.070507548923104	35.26582193995674
Rearrangement Signature 4	7.340609209050282	9.884559882571821	8.985750522050097	0.8150265280515941	36.54148640338333	2.3723687164513425	5.996217603412047	12.93859540703105	21.858872282496606
Rearrangement Signature 5	54.52075618195349	57.34457933721459	56.8633705178518	27.562947094493506	90.57793093885293	36.89714539781	49.578937866536776	65.28995403637829	79.02153316079679
Rearrangement Signature 6	14.243505460679035	16.681190147831998	16.68504288461496	0.5608422630677311	36.816200006464086	4.292352750470347	12.482781414122371	20.93214029042501	28.63377174987325
