signature	mode_exposure	mean_exposure	median_exposure	0%	100%	2.5%	25%	75%	97.5%
Rearrangement Signature 1	0.08121971252865812	0.07738713353279696	0.07697333629645033	0.0267949679513577	0.1455730561920149	0.04223746223658545	0.0641476002505114	0.08888133470594568	0.11683075486476631
Rearrangement Signature 2	0.6013774414616956	0.6055084136098694	0.6052986141198042	0.4674924891830763	0.7261760238623283	0.5328859091695269	0.5813659057437898	0.6294160988864799	0.6751748983953844
Rearrangement Signature 3	0.06268977682378538	0.06587592181655991	0.06478235297450946	0.023802787370174935	0.14625740470907117	0.03446966190622468	0.05276103193521424	0.07805541182312306	0.1055862932334034
Rearrangement Signature 4	0.02197787188338407	0.029594490666382697	0.026903444676796694	0.002440199185783216	0.10940564791432135	0.007102900348656713	0.01795274731560493	0.03873830960188938	0.06544572539669642
Rearrangement Signature 5	0.16323579695195656	0.17169035729704968	0.1702496123288976	0.08252379369608834	0.27119140999656566	0.11047049520302396	0.14843993373214603	0.19547890430053383	0.23659141664909214
Rearrangement Signature 6	0.04264522593017675	0.04994368307734131	0.04995521821741006	0.0016791684522985961	0.11022814373192841	0.012851355540330383	0.03737359704827057	0.06267107871384733	0.08572985553854266
