signature	mode_exposure	mean_exposure	median_exposure	0%	100%	2.5%	25%	75%	97.5%
Rearrangement Signature 1	0.005451712478922106	0.02084542804994873	0.014863506521267162	1.4704569775149594e-5	0.11404685483065083	3.897205267485151e-4	0.005867528081187118	0.02816596095119232	0.07219753106340843
Rearrangement Signature 2	0.22465313490107602	0.2312612005290629	0.22978916377064518	0.038287951830771015	0.5086132240318837	0.07330541257904283	0.17258209845245745	0.28747957310574396	0.3932425729433142
Rearrangement Signature 3	0.021778176114752763	0.041694095513010135	0.033522289954156584	8.741494064634265e-4	0.19432841262088923	0.0033528229174127205	0.01855926595899429	0.05831672211797216	0.12241232107617142
Rearrangement Signature 4	0.04979680583412127	0.05963129530210072	0.05562398763613643	0.0012315831593678057	0.2155526780771728	0.009017358306150958	0.03736397273313944	0.07769987035592711	0.13128590634500478
Rearrangement Signature 5	0.6370772728130529	0.6216436748386214	0.6251145324961169	0.326887930560469	0.8598086252460792	0.4539990874265985	0.5687026914506312	0.6771398115873268	0.7822317129299824
Rearrangement Signature 6	0.0072738470578433256	0.02492430576725609	0.018884316408084523	2.7317832460127534e-5	0.19030240270261706	6.297207363599386e-4	0.008091990707896636	0.035816455964058524	0.07680789806311872
