signature	mode_exposure	mean_exposure	median_exposure	0%	100%	2.5%	25%	75%	97.5%
Rearrangement Signature 1	0.3434578861720927	1.3132619671467698	0.9364009108398312	9.263878958344244e-4	7.184951854331002	0.02455239318515645	0.3696542691147885	1.7744555399251163	4.54844445699473
Rearrangement Signature 2	14.153147498767787	14.569455633330964	14.476717317550646	2.412140965338574	32.04263311400867	4.618240992479699	10.87267220250482	18.111213105661868	24.7742820954288
Rearrangement Signature 3	1.3720250952294237	2.6267280173196386	2.111904267111865	0.05507141260719587	12.242689995116022	0.21122784379700138	1.16923375541664	3.673953493432246	7.7119762277988
Rearrangement Signature 4	3.13719876754964	3.7567716040323456	3.5043112210765948	0.07758973904017176	13.579818718861887	0.5680935732875104	2.3539302821877848	4.895091832423409	8.271012099735302
Rearrangement Signature 5	40.13586818722233	39.16355151483315	39.38221554725536	20.593939625309545	54.167943390502984	28.601942507875705	35.82826956138977	42.659808130001586	49.280597914588895
Rearrangement Signature 6	0.4582523646441292	1.5702312633371336	1.189711933709325	0.0017210234449880346	11.989051370264875	0.03967240639067613	0.5097954145974881	2.256436725735687	4.838897577976479
