signature	mode_exposure	mean_exposure	median_exposure	0%	100%	2.5%	25%	75%	97.5%
Rearrangement Signature 1	0.00308047945635503	0.009819222499652435	0.006136002311337629	1.729728770491801e-5	0.079565152427097	2.751110938075149e-4	0.0029513471523511933	0.013623243118048085	0.036720090429917376
Rearrangement Signature 2	0.23901141762962205	0.22652086926575485	0.22588028271248561	0.05740783677750279	0.41971933785719123	0.10154753829215478	0.1791637973075017	0.27020165604425933	0.36216699067470026
Rearrangement Signature 3	0.013714234802746174	0.032672585416581384	0.027284883021258977	2.9401666951053406e-4	0.1304251145644252	0.0024301939325684224	0.01362352760659856	0.04602684360484012	0.09282169229973347
Rearrangement Signature 4	0.003022977435815216	0.010609022920766011	0.007437343457698392	4.165515165065836e-5	0.06236845792976896	3.8567278507999964e-4	0.0031070083359969985	0.014536147066121548	0.038739145393010654
Rearrangement Signature 5	0.7046974958127175	0.7093798706616861	0.7089361682602324	0.5004293121175158	0.8944559768067131	0.5739141542909278	0.6609187962400322	0.7602197421521825	0.8442591030613177
Rearrangement Signature 6	0.003464527264911391	0.01099842923555925	0.00752191708463168	3.996916092563474e-5	0.06815882115949479	3.0812889440182676e-4	0.0033143697329243993	0.014998027371430744	0.041891583279045075
