signature	mode_exposure	mean_exposure	median_exposure	0%	100%	2.5%	25%	75%	97.5%
Rearrangement Signature 1	0.32345034291727803	1.0310183624635056	0.644280242690451	0.001816215209016391	8.354341004845185	0.02888666484978907	0.3098914509968753	1.430440527395049	3.8556094951413247
Rearrangement Signature 2	25.096198851110312	23.78469127290426	23.717429684810988	6.027822861637793	44.07053047500508	10.662491520676252	18.81219871728768	28.37117388464723	38.027534020843525
Rearrangement Signature 3	1.4399946542883488	3.430621468741045	2.864912717232192	0.030871750298606077	13.694637029264648	0.25517036291968437	1.4304703986928486	4.8328185785082125	9.746277691472013
Rearrangement Signature 4	0.31741263076059756	1.1139474066804311	0.7809210630583312	0.0043737909233191275	6.54868808262574	0.04049564243339997	0.3262358752796849	1.5262954419427626	4.0676102662661195
Rearrangement Signature 5	73.99323706033533	74.48488641947704	74.4382976673244	52.54507777233916	93.91787756470487	60.26098620054742	69.39647360520338	79.82307292597916	88.64720582143836
Rearrangement Signature 6	0.36377536281569645	1.1548350697337213	0.7898012938863264	0.004196761897191648	7.156676221746952	0.03235353391219182	0.34800882195706195	1.5747928740002282	4.398616244299733
