signature	mode_exposure	mean_exposure	median_exposure	0%	100%	2.5%	25%	75%	97.5%
Rearrangement Signature 1	0.0055703379811252104	0.01917852114677378	0.013337034063939063	6.389758973641938e-5	0.12543953726588106	5.458181283578453e-4	0.005357815702514631	0.02739476945229281	0.06659778460335893
Rearrangement Signature 2	0.02836554618014058	0.07165836859281874	0.057502096587870505	2.4143187311234302e-4	0.29156425319236257	0.001448947520621296	0.026107621113804845	0.10223333219578017	0.2140739353953309
Rearrangement Signature 3	0.048737856046299224	0.0640729362307819	0.057298264519725535	4.2691983533160965e-4	0.2477558365861786	0.004235576314623462	0.034493575252565516	0.08840589132598632	0.16670903272815885
Rearrangement Signature 4	0.0356135716349376	0.05222084343935691	0.044853933583770676	0.0023472172018591062	0.17089983376199444	0.007313489931520554	0.02740567232674821	0.07166855459422641	0.12719642523817098
Rearrangement Signature 5	0.7733535179129423	0.7634146487956032	0.7688820316005289	0.46262831972142954	0.9349656320667105	0.6022804798524667	0.7153781247595531	0.8186587586347884	0.9003691971027221
Rearrangement Signature 6	0.006515478025018753	0.0294546817946655	0.021816671241617736	1.8067917272546197e-5	0.18805738384396253	6.13424445071767e-4	0.007981396379057482	0.04002383489992531	0.10950945484074392
