signature	mode_exposure	mean_exposure	median_exposure	0%	100%	2.5%	25%	75%	97.5%
Rearrangement Signature 1	0.27851689905626054	0.9589260573386891	0.6668517031969532	0.0031948794868209692	6.271976863294053	0.027290906417892266	0.2678907851257315	1.3697384726146404	3.3298892301679466
Rearrangement Signature 2	1.418277309007029	3.5829184296409373	2.875104829393525	0.012071593655617151	14.578212659618128	0.0724473760310648	1.3053810556902423	5.111666609789008	10.703696769766546
Rearrangement Signature 3	2.4368928023149623	3.2036468115390955	2.864913225986277	0.02134599176658048	12.38779182930893	0.2117788157311731	1.7246787626282756	4.420294566299315	8.335451636407942
Rearrangement Signature 4	1.7806785817468798	2.611042171967845	2.242696679188534	0.11736086009295531	8.544991688099723	0.3656744965760277	1.3702836163374104	3.583427729711321	6.359821261908549
Rearrangement Signature 5	38.66767589564711	38.17073243978016	38.44410158002645	23.131415986071477	46.74828160333552	30.11402399262333	35.76890623797765	40.93293793173942	45.0184598551361
Rearrangement Signature 6	0.3257739012509374	1.472734089733275	1.0908335620808867	9.033958636273098e-4	9.402869192198127	0.030671222253588346	0.3990698189528741	2.0011917449962655	5.475472742037197
