signature	mode_exposure	mean_exposure	median_exposure	0%	100%	2.5%	25%	75%	97.5%
Rearrangement Signature 1	24.781803914622138	25.516333831749126	25.218732099439084	7.60647927553292	46.343422813989214	12.966080086910111	21.11003515621208	29.56799552398276	38.495695255643305
Rearrangement Signature 2	214.10971583731526	212.86577483334915	213.34228378240425	169.9301720348532	251.82529309394238	187.18222711369526	204.49412776737347	221.68756691703743	238.1999467946408
Rearrangement Signature 3	22.48501375921889	23.20927490759626	22.77435777435649	5.286312326513423	48.83880008779368	11.988562031123998	18.566043202586954	27.080463344020913	37.84700920124372
Rearrangement Signature 4	5.256003436075039	8.410052876020705	7.640905511801828	0.30799248010907565	27.752745261643515	0.9496043573173667	4.579293263654305	11.366258067517794	20.29968817364621
Rearrangement Signature 5	73.81385772436937	76.93085473690633	76.59951375527078	44.180623789076904	121.83381876914262	53.31564160004641	68.81225453185941	85.11156798571471	102.23423816589201
Rearrangement Signature 6	16.08653173157036	14.067708814378426	14.189989920984228	0.2905622681762509	34.656055317524796	2.49054378562273	9.589501073928483	18.09511939752453	25.938113912744672
