signature	mode_exposure	mean_exposure	median_exposure	0%	100%	2.5%	25%	75%	97.5%
Rearrangement Signature 1	0.06864765627319154	0.07068236518490062	0.06985798365495591	0.02107057971061751	0.1283751324487236	0.03591711935432164	0.058476551679257846	0.08190580477557552	0.10663627494638035
Rearrangement Signature 2	0.5931017059205409	0.5896558859649561	0.5909758553529203	0.47072069815748807	0.6975769891798957	0.5185103244146685	0.5664657278874612	0.6140929831496882	0.6598336476305839
Rearrangement Signature 3	0.06228535667373654	0.06429162024264892	0.06308686364087669	0.014643524450175686	0.13528753486923456	0.033209313105606646	0.05142948255564254	0.07501513391695544	0.10483936066826516
Rearrangement Signature 4	0.014559566304917004	0.02329654536293824	0.02116594324598844	8.53164764845085e-4	0.07687741069707345	0.0026304829842586333	0.012685022891009156	0.031485479411406635	0.056231823195695876
Rearrangement Signature 5	0.20447052001210353	0.21310486076705354	0.21218701871266143	0.12238399941572549	0.3374898026846056	0.14768875789486544	0.19061566352315626	0.2357661163039189	0.2831973356395901
Rearrangement Signature 6	0.04456102972734173	0.03896872247750256	0.03930745130466545	8.04881629297094e-4	0.09600015323414071	0.00689901325657266	0.02656371488622849	0.05012498448067737	0.07185073106023454
