signature	mode_exposure	mean_exposure	median_exposure	0%	100%	2.5%	25%	75%	97.5%
Rearrangement Signature 1	0.08695562986532025	0.08890897461202353	0.08793821738363267	0.034943666716982985	0.1440101070791409	0.05466187274525166	0.07484157339045187	0.10162229469939876	0.12617612910124162
Rearrangement Signature 2	0.529725189653377	0.5384231642947134	0.5389118552467387	0.44675747402872723	0.609054349766724	0.4740565606766899	0.5169444364045372	0.5611860469495454	0.5932569399878498
Rearrangement Signature 3	0.03833224208474906	0.04405050433663959	0.04323994070784269	0.009857961785627666	0.08555873875571146	0.021390101602118437	0.0338053922638736	0.05360930755759199	0.07118251922759461
Rearrangement Signature 4	0.038897416395903765	0.04584765809480553	0.044843182407302826	0.013071457717949597	0.10870722729404986	0.020490123812170885	0.03514416476830827	0.054813356715066375	0.079572293461552
Rearrangement Signature 5	0.20439894459614766	0.20711093833263317	0.20603852343708812	0.11770320250571094	0.3087658901565615	0.15226638346372257	0.18759703277592937	0.2262256382307611	0.26778481251510616
Rearrangement Signature 6	0.074830863266447	0.07565876032918484	0.0750073267219735	0.016053188834758536	0.1391884875378312	0.0392948374780249	0.06266644122973133	0.08905711675728993	0.11181394394590027
