signature	mode_exposure	mean_exposure	median_exposure	0%	100%	2.5%	25%	75%	97.5%
Rearrangement Signature 1	40.434367887373924	41.342673194590944	40.891271083389185	16.24880502339709	66.96469979180051	25.417770826542018	34.80133162656012	47.254367035220426	58.67190003207737
Rearrangement Signature 2	246.3222131888203	250.3667713970417	250.59401268973352	207.74222542335815	283.21027264152667	220.43630071466083	240.37916292810985	260.9515118315386	275.86447709435015
Rearrangement Signature 3	17.824492569408314	20.48348451653741	20.10657242914685	4.583952230316864	39.78481352140583	9.946397244985073	15.719507402701224	24.928328014280275	33.09987144083149
Rearrangement Signature 4	18.087298624095247	21.31916101408457	20.85207981939581	6.078227838846563	50.54886069173318	9.527907572659462	16.342036617263346	25.488210872505867	37.00111645962168
Rearrangement Signature 5	95.04550923720868	96.30658632467443	95.80791339824597	54.73198916515559	143.57613892280108	70.803868310631	87.23262024080717	105.19492177730393	124.51993781952437
Rearrangement Signature 6	34.79635141889784	35.18132355307095	34.87840692571767	7.46473280816272	64.7226467050915	18.272099427281574	29.139895171825074	41.41155929213981	51.99348393484363
