signature	mode_exposure	mean_exposure	median_exposure	0%	100%	2.5%	25%	75%	97.5%
Rearrangement Signature 1	0.3550801701351163	1.1053492984885847	0.8144682730320323	4.375689981426403e-4	6.527739656144702	0.028419716777217698	0.3500481090731924	1.5554551702240937	3.692069161827533
Rearrangement Signature 2	17.15929840513833	20.41730978306997	20.001284509976177	3.2674533897490434	46.24410820134834	6.580373612512661	15.18226880686704	25.506496696783266	35.044899614015634
Rearrangement Signature 3	10.42411334113005	11.66019369170291	11.142107865905341	2.476027632943274	29.291108381972002	4.943372121670806	8.85983871924363	13.99632968682519	21.077239031336692
Rearrangement Signature 4	0.28164327689101654	1.1083586961923657	0.7397648507565573	1.5590281650363892e-4	7.73505086929254	0.018213729896184704	0.2826592623869285	1.5666374898780058	4.228593649138629
Rearrangement Signature 5	61.205340899784105	60.56979533550395	60.775450264461064	37.36957027774777	79.94203835775635	46.07524163751582	55.31669503608296	65.71525296613045	74.8816437512362
Rearrangement Signature 6	0.315495120619704	1.1389931950422245	0.8072083838077404	0.0027316404426223073	6.680263632671384	0.04637781835133956	0.3263404634754723	1.5674145861294568	4.027110745965981
