signature	mode_exposure	mean_exposure	median_exposure	0%	100%	2.5%	25%	75%	97.5%
Rearrangement Signature 1	0.003698751772240795	0.011514055192589424	0.008484044510750337	4.55801039731917e-6	0.06799728808484064	2.9603871642935094e-4	0.003646334469512421	0.016202658023167643	0.0384590537690368
Rearrangement Signature 2	0.17874269172019092	0.2126803102403122	0.20834671364558516	0.03403597280988587	0.4817094604307119	0.06854555846367355	0.158148633404865	0.2656926739248257	0.36505103764599617
Rearrangement Signature 3	0.10858451397010471	0.12146035095523865	0.11606362360318064	0.02579195450982577	0.30511571231220835	0.05149345960073756	0.0922899866587878	0.14579510090442904	0.21955457324309052
Rearrangement Signature 4	0.0029337841342814237	0.011545403085337143	0.007705883862047473	1.6239876719129055e-6	0.08057344655513063	1.8972635308525733e-4	0.0029443673165305056	0.016319140519562562	0.04404785051186073
Rearrangement Signature 5	0.6375556343727512	0.6309353680781661	0.6330776069214694	0.3892663570598726	0.8327295662266286	0.47995043372412316	0.5762155732925308	0.6845338850638588	0.7800171224087104
Rearrangement Signature 6	0.0032864075064552517	0.011864512448356505	0.008408420664663963	2.8454587943982368e-5	0.06958607950699358	4.831022744931204e-4	0.003399379827869503	0.016327235272181842	0.04194907027047897
