signature	mode_exposure	mean_exposure	median_exposure	0%	100%	2.5%	25%	75%	97.5%
Rearrangement Signature 1	0.00310658762421768	0.010648859924566932	0.007678613521129444	8.030853609800374e-5	0.07851507618416897	4.4358290023871776e-4	0.0031177006966586042	0.014873687157039184	0.03909477391750839
Rearrangement Signature 2	0.35407636707119955	0.3757885623971225	0.376129865195003	0.13694609297187146	0.5722790552058113	0.22042572840567945	0.3230270123975741	0.42947554541797966	0.527643430842206
Rearrangement Signature 3	0.05439272009028059	0.0737506728902393	0.06858046304316523	0.003214569430390709	0.23273032656669757	0.01560586395145145	0.046216451990211786	0.09762281445820895	0.16000263664051512
Rearrangement Signature 4	0.0028696015968403535	0.012243922774751828	0.008808818764210177	3.582716489570078e-5	0.08902950921520958	2.7836947910829e-4	0.0031632837554324868	0.016963112498856063	0.046104882386743935
Rearrangement Signature 5	0.5125489135468408	0.5163818240342367	0.5136780206898871	0.29456757651609644	0.7862477241896627	0.3691345221690128	0.4573284212522496	0.5718028766967024	0.6765747643331234
Rearrangement Signature 6	0.0032020789683947885	0.011186157979082732	0.007997989848679332	4.7857446277888016e-5	0.10274718298206004	4.212756074875937e-4	0.0032722664772483756	0.015227181496705322	0.040536038011948765
