signature	mode_exposure	mean_exposure	median_exposure	0%	100%	2.5%	25%	75%	97.5%
Rearrangement Signature 1	0.28580606142802667	0.9796951130601577	0.7064324439439089	0.007388385321016344	7.223387008943545	0.04080962682196203	0.28682846409259155	1.368379218447605	3.5967192004107713
Rearrangement Signature 2	32.57502577055036	34.57254774053527	34.60394759794028	12.599040553412175	52.64967307893465	20.279167013322507	29.718485140576817	39.51175017845413	48.54319563748295
Rearrangement Signature 3	5.004130248305813	6.785061905902015	6.3094025999712	0.29574038759594523	21.411190044136177	1.4357394835335333	4.251913583099484	8.981298930155223	14.720242570927391
Rearrangement Signature 4	0.2640033469093126	1.126440895277168	0.8104113263073365	0.0032960991704044716	8.190714847799281	0.02560999207796268	0.2910221054997888	1.5606063498947578	4.241649179580442
Rearrangement Signature 5	47.154500046309366	47.50712781114978	47.25837790346961	27.100217039480874	72.33479062544897	33.96037603954918	42.07421475520696	52.605864656096614	62.244878318647345
Rearrangement Signature 6	0.2945912650923206	1.0291265340756115	0.7358150660784986	0.0044028850575656975	9.452740834349523	0.03875735588885862	0.30104851590685056	1.4009006976968896	3.7293154970992863
