signature	mode_exposure	mean_exposure	median_exposure	0%	100%	2.5%	25%	75%	97.5%
Rearrangement Signature 1	0.37819150927276257	1.2679523633630292	0.878659558827828	0.0018375111765016649	7.543800798614299	0.03619079010592955	0.37430704724222763	1.8068582171186003	4.354614387966443
Rearrangement Signature 2	18.989254277833172	20.177754628991025	19.837001425429747	5.317835133398856	38.258995883200605	9.657587533470164	16.003639967127505	24.153616364759344	32.85195990058171
Rearrangement Signature 3	2.949438289452927	4.3474651135418485	4.012816072017927	0.07639571093693687	15.093623831201375	0.5536515207541475	2.503254578668892	5.930686008351908	10.356544214340268
Rearrangement Signature 4	0.9472939393051538	2.1791688442734114	1.7572122102711807	3.5444210371531726e-4	13.11321571335827	0.08646359784442491	0.8858624908363638	3.206101753617277	6.259611120942744
Rearrangement Signature 5	55.11376296534061	56.74135667053139	56.88435855938545	34.56814112610441	72.80810784809616	44.58335373840086	52.481809301798656	61.43972051015656	67.69379990507665
Rearrangement Signature 6	0.7722891451939087	2.2863023792992965	1.9249145271949044	0.0037060234741054243	14.379174864844993	0.04752728915066367	0.8426118175745491	3.2767322333981896	6.897851571374716
