signature	mode_exposure	mean_exposure	median_exposure	0%	100%	2.5%	25%	75%	97.5%
Rearrangement Signature 1	0.004347028842215663	0.014574165096126772	0.010099535158940551	2.112081812070879e-5	0.08671035400706091	4.1598609317160403e-4	0.0043023798533589385	0.020768485254236784	0.050053038942143024
Rearrangement Signature 2	0.21826729054980656	0.2319282141263336	0.22801151063712355	0.06112454176320524	0.4397585733701219	0.11100675325827776	0.1839498846796265	0.2776277743075787	0.37760873448944504
Rearrangement Signature 3	0.0339015895339417	0.04997086337404423	0.04612432266687272	8.781116199647915e-4	0.1734899290942687	0.006363810583381005	0.028773041134125196	0.0681688046937001	0.11904073809586516
Rearrangement Signature 4	0.010888436083967288	0.0250479177502691	0.020197841497369893	4.074047169141578e-6	0.15072661739492266	9.938344579818955e-4	0.010182327480877745	0.036851744294451455	0.07194955311428443
Rearrangement Signature 5	0.6334915283372484	0.6521995019601309	0.6538432018320166	0.39733495547246445	0.8368748028516799	0.5124523418206997	0.603239187376996	0.7062036840247881	0.7780896540813408
Rearrangement Signature 6	0.008876886726366768	0.026279337693095362	0.022125454335573613	4.2597970966729015e-5	0.16527787200971256	5.462906798926859e-4	0.009685193305454587	0.037663588889634364	0.0792856502456864
