signature	mode_exposure	mean_exposure	median_exposure	0%	100%	2.5%	25%	75%	97.5%
Rearrangement Signature 1	0.33384707781635026	1.0640585763809602	0.6936031256506618	0.002771979622324783	6.313387098329695	0.038890873422085054	0.31903461236664954	1.5143161554797633	3.7066970199599383
Rearrangement Signature 2	18.574117248419697	21.04684390049587	20.908863592158387	2.1353033710217026	39.10348765852673	7.572331308351598	16.612056348885837	25.57076408707077	34.48231285784721
Rearrangement Signature 3	10.627775933244612	11.220174995680399	10.75942309077381	2.213992447716	29.314757421256523	3.6366372675570338	7.935023335658551	13.921319638897655	21.299344667023032
Rearrangement Signature 4	0.2999290326640437	1.0773660615988858	0.7452261191054987	0.0013031741646946109	6.643728492326591	0.023028804076898265	0.3023570446040641	1.4909278246533195	3.929730227818289
Rearrangement Signature 5	59.96295367025556	60.486846423390155	60.57130208646453	36.76828915598931	83.27014529266967	44.973117998455905	55.12929145125858	66.16326236254022	75.49774225340393
Rearrangement Signature 6	0.31389099965897993	1.1047100424537293	0.7461762340481446	0.0014571711791653286	6.944315861809084	0.025436731200024366	0.3008863279405176	1.5825796758028483	4.342538062596561
