signature	mode_exposure	mean_exposure	median_exposure	0%	100%	2.5%	25%	75%	97.5%
Rearrangement Signature 1	31.90010534287991	33.40445661392853	32.875946885283206	12.617681473570483	62.84188591870505	20.91549380272567	28.34538159396	38.0265010544324	48.11862584615019
Rearrangement Signature 2	249.39872732613307	246.92937509196884	247.4789746640397	203.415101082049	289.8722379428701	223.3215115860778	238.3382418531374	255.33774421791233	270.6696797183219
Rearrangement Signature 3	17.014685313016322	18.33028068172129	17.787176770446578	5.737088486457464	40.023869857136965	8.596082476159864	13.979401465516112	21.754744725322716	31.92442913915454
Rearrangement Signature 4	5.425046686720826	7.438081407170111	6.847257376118837	0.6303754010433448	23.040606961500174	1.8052346418456684	4.430549466817461	9.596948070964569	16.939036963053933
Rearrangement Signature 5	77.64906465770761	80.82209535618094	80.16660482875437	44.46798113380606	115.84810945825883	56.8280428465282	72.92187481761246	89.0206851839503	106.17423040370309
Rearrangement Signature 6	7.475130546479394	7.075710849030288	6.928542534241473	0.01835381301700234	22.66383728010917	0.21227566464952285	3.753079617695753	9.643056940490123	16.719204947608183
