signature	mode_exposure	mean_exposure	median_exposure	0%	100%	2.5%	25%	75%	97.5%
Rearrangement Signature 1	0.08096473437279166	0.08478288480692521	0.08344148955655636	0.03202457226794539	0.15949717238250014	0.053085009651588	0.07194259287807106	0.09651396206708732	0.12212849199530505
Rearrangement Signature 2	0.6329916937211499	0.6267243022638803	0.6281192250356338	0.5162819824417487	0.7357163399565231	0.5668058669697406	0.6049193955663386	0.6480653406545999	0.6869788825338119
Rearrangement Signature 3	0.043184480489889154	0.04652355502974947	0.0451451187067172	0.014561138290501176	0.10158342603334256	0.021817468213603714	0.035480714379482525	0.05521508813533685	0.08102646989633132
Rearrangement Signature 4	0.013769154027210219	0.01887837920601551	0.017378825827712788	0.0015999375660998598	0.058478697871827856	0.004581813811791036	0.011245049408166143	0.024357736220722258	0.04299247960165973
Rearrangement Signature 5	0.1970788443089026	0.20513222171619527	0.20346854017450347	0.11286289627869558	0.29403073466563157	0.14423361128560455	0.18508090055231588	0.2259408253399754	0.26947774214137843
Rearrangement Signature 6	0.018972412554516233	0.017958656977234234	0.017585133335638256	4.6583281769041474e-5	0.05752242964494713	5.387707224607179e-4	0.00952558278602983	0.024474763808350564	0.042434530323878644
