signature	mode_exposure	mean_exposure	median_exposure	0%	100%	2.5%	25%	75%	97.5%
Rearrangement Signature 1	0.05004123581049384	0.054572500294610186	0.05333329939146761	0.02277901907649896	0.11622250203526016	0.028751976689004456	0.04470845446058214	0.06379307146186974	0.08518861701846878
Rearrangement Signature 2	0.7056127338642679	0.6988926767113625	0.6998749954288064	0.579182877143448	0.7999541342662672	0.6356384498494577	0.6751191761359794	0.7217064392319906	0.7657877943929721
Rearrangement Signature 3	0.04271830182959199	0.048198393000444574	0.0462821215250737	0.011527809333856803	0.12222403355489397	0.02018227555407249	0.03716517065342213	0.057318177417391765	0.08634934336503354
Rearrangement Signature 4	0.0011341801410556765	0.0038392976090535352	0.002682382239583904	2.5349467644809744e-6	0.03431569087805643	7.451629229506382e-5	0.0011097771401288898	0.005270850102626022	0.013330850194036977
Rearrangement Signature 5	0.18003390387153873	0.19064645630681476	0.18934215607335544	0.10386965631192746	0.3152220409142892	0.1294804824426851	0.16828774309441305	0.2132259189216485	0.2574261392238826
Rearrangement Signature 6	0.0010285917459594328	0.00385067607771449	0.0025257102676018717	1.5127240251405771e-5	0.03043689812105665	1.2487846995074965e-4	9.99328062977159e-4	0.0052900455145231465	0.014393808048326373
