signature	mode_exposure	mean_exposure	median_exposure	0%	100%	2.5%	25%	75%	97.5%
Rearrangement Signature 1	15.462741865442595	16.862902591034548	16.479989511963492	7.038716894638179	35.91275312889539	8.884360796902376	13.814912428319879	19.712059081717747	26.323282658706848
Rearrangement Signature 2	218.03433476405877	215.957837103811	216.26137358750117	178.9675090373254	247.18582748827654	196.41228100348243	208.61182542601762	223.00728972268507	236.6284284674284
Rearrangement Signature 3	13.199955265343924	14.893303437137373	14.301175551247775	3.562093084161752	37.76722636846224	6.236323146208399	11.484037731907438	17.711316821974055	26.681947099795366
Rearrangement Signature 4	0.35046166358620434	1.1863429611975425	0.8288561120314264	0.00078329855022462105	10.603548481319436	0.02302553431917472	0.342921136299827	1.6286926817114407	4.119232709957426
Rearrangement Signature 5	55.630476296305474	58.90975499880576	58.50672622666683	32.095723800385585	97.40361064251536	40.0094690747897	52.00091261617363	65.88680894678939	79.54467702017972
Rearrangement Signature 6	0.3178348495014648	1.1898589080137774	0.7804444726889783	0.004674317237684383	9.405001519406506	0.03858744721478164	0.3087923714599421	1.6346240639876521	4.447686686932849
