signature	mode_exposure	mean_exposure	median_exposure	0%	100%	2.5%	25%	75%	97.5%
Rearrangement Signature 1	14.745916722723042	14.853692450710815	14.57134397337779	4.790445834849472	37.02428741489475	6.9063719892536115	11.393601779016166	17.438348546930026	25.159085316317714
Rearrangement Signature 2	235.6326522168439	234.49591304354058	234.8073498098757	199.0785212096972	265.09296891014384	214.7202392042583	227.25355436383146	241.57834315246077	254.0311568477389
Rearrangement Signature 3	17.687060137366448	18.926807772073907	18.350762587502082	4.967111007660717	38.387283955310956	8.670909234731525	14.575797749065712	22.95729665001072	32.28185438062776
Rearrangement Signature 4	0.31239894590560513	1.1586763068410328	0.7855065873494009	0.0037986324367450643	7.033200153480969	0.024190811991511935	0.2969433370008265	1.613795184910874	4.406451207904285
Rearrangement Signature 5	35.809246754286505	40.32038742194658	39.84885493628374	13.12980253508683	72.63953227337572	23.718912491089217	33.58887744105661	46.47819239918386	61.35142860860412
Rearrangement Signature 6	0.3865188882150239	1.2445230048870901	0.8559646707224672	0.006677312720065692	8.86352703530327	0.046091470451433615	0.3748830744714324	1.6593776933972733	4.65432815589599
