signature	mode_exposure	mean_exposure	median_exposure	0%	100%	2.5%	25%	75%	97.5%
Rearrangement Signature 1	0.04741452322418984	0.04776106897334667	0.046853196055877136	0.01540336281302081	0.11904915567490273	0.022206983888275276	0.03663537549522883	0.05607186027951777	0.08089738043832062
Rearrangement Signature 2	0.757661261147408	0.7540061512654038	0.7550075556587643	0.6401238624106019	0.8523889675567325	0.6904187755763932	0.7307188243210014	0.7767792384323498	0.816820440024884
Rearrangement Signature 3	0.0568715760043937	0.06085790280409616	0.05900566748392953	0.015971418031063396	0.12343178120678763	0.027880737089168894	0.046867516878024804	0.0738176741157901	0.10380017485732398
Rearrangement Signature 4	0.0010044982183459975	0.003725647288877919	0.0025257446538565946	1.2214252208183486e-5	0.022614791490292507	7.778396138749817e-5	9.548017266907603e-4	0.005189052041514064	0.014168653401621495
Rearrangement Signature 5	0.11514227252182155	0.12964754798053563	0.12813136635461012	0.04221801458227276	0.23356762788866792	0.07626659964980456	0.10800282135387977	0.149447563984514	0.19727147462573671
Rearrangement Signature 6	0.0012428260071222631	0.004001681687739839	0.002752297976599573	2.147045890696364e-5	0.02850008693023559	1.482040850528412e-4	0.0012054118150206829	0.0053356195929172776	0.014965685388733087
