signature	mode_exposure	mean_exposure	median_exposure	0%	100%	2.5%	25%	75%	97.5%
Rearrangement Signature 1	0.06307458047638612	0.06087315753069799	0.06061010784039282	0.028117915690703665	0.11227762746546606	0.036980832693079606	0.051737457811938004	0.06909688276328345	0.08706328765071214
Rearrangement Signature 2	0.6248323900921707	0.6235726069358022	0.6241909482031807	0.5332062330423629	0.7092056462412206	0.564261785464337	0.6034758338624423	0.6453551407406726	0.677619266727893
Rearrangement Signature 3	0.06108566736868666	0.06270778140039245	0.061997789625020595	0.024166412385879906	0.11937452449764656	0.03811601821299021	0.05288733982580473	0.07189889586886512	0.09110415574908735
Rearrangement Signature 4	0.07841699999260483	0.0753574198183365	0.07612027403461599	0.03174919481828902	0.13015062835855315	0.043033577790730124	0.06252544774446132	0.08718846259221899	0.10972745928153292
Rearrangement Signature 5	0.15048106185960827	0.14989376810037447	0.14952753061291954	0.06210899207894639	0.22666121046005236	0.10305529219551159	0.13190156272202302	0.16630827582136784	0.2045928784015967
Rearrangement Signature 6	0.026207646614498023	0.02759526621439646	0.0266313357645743	4.36159456842361e-5	0.0904035269891649	0.0024378579413673143	0.0158842243936064	0.037239476409619256	0.060266941483561313
