signature	mode_exposure	mean_exposure	median_exposure	0%	100%	2.5%	25%	75%	97.5%
Rearrangement Signature 1	33.42952765248464	32.26277349126993	32.1233571554082	14.902495316072942	59.50714255669701	19.59984132733219	27.42085264032714	36.62134786454023	46.143542454877426
Rearrangement Signature 2	331.1611667488505	330.49348167597515	330.82120254768574	282.59930351245237	375.87899250784693	299.0587462960986	319.8421919470944	342.0382245925565	359.1382113657833
Rearrangement Signature 3	32.37540370540393	33.235124142207994	32.858828501260916	12.808198564516351	63.268497983752674	20.20148965288481	28.030290107676507	38.106414810498514	48.285202547016304
Rearrangement Signature 4	41.56100999608056	39.93943250371835	40.34374523834648	16.827073253693182	68.97983303003316	22.807796229086968	33.1384873045645	46.20988517387606	58.155553419212445
Rearrangement Signature 5	79.7549627855924	79.44369709319847	79.24959122484736	32.91776580184159	120.13044154382776	54.619304863621146	69.9078282426722	88.14338618532496	108.43422555284626
Rearrangement Signature 6	13.89005270568395	14.625491093630123	14.114607955224379	0.023116451212645134	47.913869304257396	1.2920647089246766	8.41863892861139	19.736922497098206	31.9414789862875
