signature	mode_exposure	mean_exposure	median_exposure	0%	100%	2.5%	25%	75%	97.5%
Rearrangement Signature 1	0.006559411774421538	0.021036961428420136	0.014519979471068102	2.7097446758152728e-5	0.14334386163891036	7.867108880053764e-4	0.006388514255397282	0.02858827893979498	0.0789050594379408
Rearrangement Signature 2	0.18277059742244997	0.16482921878610624	0.16240018851867233	0.00374903450832173	0.4853419155319244	0.01919449020733948	0.10125571759567756	0.2195098310940556	0.3437891188463378
Rearrangement Signature 3	0.023662612496626708	0.05886495673446549	0.05113436430394758	1.0293804476829481e-4	0.29362803979986274	0.003264948374154329	0.025873391888481263	0.07808675525496059	0.16185213906907514
Rearrangement Signature 4	0.011406271343686297	0.033453476931710184	0.02416455415582863	3.8128788221359776e-4	0.20935273781476388	0.0016406057261289769	0.011419223924791921	0.04717162989049953	0.1074005939666181
Rearrangement Signature 5	0.702616627386492	0.6894052146700967	0.6922454765417154	0.4013137218042229	0.9149826926714594	0.5249859888175208	0.6259196045634403	0.7550230660710495	0.8465556207018038
Rearrangement Signature 6	0.009284778494599456	0.03241017144920117	0.026308720171875855	1.7391952473244654e-4	0.1463375088207115	0.001404624932620957	0.010777197517553433	0.0457045353496921	0.10280670119672058
