signature	mode_exposure	mean_exposure	median_exposure	0%	100%	2.5%	25%	75%	97.5%
Rearrangement Signature 1	0.29517352984896916	0.9466632642789061	0.6533990761980646	0.0012193851041168728	6.450473773750966	0.035401989960241936	0.2874831414928777	1.2864725522907743	3.550727674707336
Rearrangement Signature 2	8.224676884010249	7.41731484537478	7.308008483340256	0.16870655287447783	21.8403861989366	0.8637520593302765	4.556507291805491	9.877942399232504	15.470510348085197
Rearrangement Signature 3	1.064817562348202	2.648923053050947	2.301046393677641	0.004632212014573266	13.213261790993823	0.1469226768369448	1.1643026349816572	3.5139039864732267	7.283346258108381
Rearrangement Signature 4	0.5132822104658832	1.5054064619269583	1.0874049370122885	0.0171579546996119	9.420873201664374	0.07382725767580395	0.5138650766156364	2.1227233450724787	4.8330267284978135
Rearrangement Signature 5	31.61774823239214	31.023234660154355	31.151046444377194	18.059117481190032	41.174221170215674	23.624369496788436	28.166382205354818	33.97603797319722	38.09500293158117
Rearrangement Signature 6	0.4178150322569756	1.4584577152140525	1.1838924077344135	0.007826378612960094	6.585187896932018	0.06320812196794307	0.4849738882899045	2.0567040907361442	4.626301553852428
