signature	mode_exposure	mean_exposure	median_exposure	0%	100%	2.5%	25%	75%	97.5%
Rearrangement Signature 1	0.0032582438019982084	0.010046197229890898	0.007416014346558111	6.8547653397742454e-6	0.052991232765339014	2.770140338730837e-4	0.003282083424683663	0.01403784318090253	0.034974318745050054
Rearrangement Signature 2	0.23452612543052087	0.22295373833914686	0.22127835183433042	0.029504136521936335	0.508253625959937	0.0937924357597306	0.1751189925424268	0.26657331054423805	0.37346668796660676
Rearrangement Signature 3	0.016949985087481162	0.03200750895036679	0.02694109380523277	3.5856916722246294e-5	0.15109108085794454	0.0023109538361842934	0.014462459390687918	0.04482220530262003	0.08440261314109904
Rearrangement Signature 4	0.003678270129626949	0.01052153596727224	0.007667152971044876	2.758050933569981e-5	0.054777861759230946	4.7901719504540874e-4	0.003517182979417637	0.014896238671867682	0.03546370884163138
Rearrangement Signature 5	0.7110922872977469	0.7134330089365453	0.713851188153382	0.43368147448598915	0.9025073717932682	0.5709767421816979	0.6651270197809747	0.7658494901733328	0.8442605678080942
Rearrangement Signature 6	0.0033672928129429656	0.011038010576777904	0.008090679204371953	2.5394154161251237e-5	0.08369730981571266	2.549310209206041e-4	0.00350367998112866	0.014886445198735053	0.042667194522594556
