signature	mode_exposure	mean_exposure	median_exposure	0%	100%	2.5%	25%	75%	97.5%
Rearrangement Signature 1	0.3421155992098118	1.0548507091385442	0.7786815063886017	7.197503606762958e-4	5.564079440360596	0.029086473556673785	0.3446187595917847	1.4739735339947657	3.6723034682302558
Rearrangement Signature 2	24.62524317020469	23.41014252561042	23.234226942604693	3.0979343348033153	53.36663072579338	9.848205754771714	18.387494216954813	27.990197607144996	39.21400223649371
Rearrangement Signature 3	1.7797484341855219	3.3607884397885126	2.8288148495494405	0.003764976255835861	15.864563490084176	0.24265015279935082	1.5185582360222314	4.706331556775103	8.8622743798154
Rearrangement Signature 4	0.3862183636108295	1.1047612765635852	0.805051061959712	0.00289595348024848	5.751675484719249	0.05029680547976791	0.36930421283885184	1.5641050605461064	3.723689428371295
Rearrangement Signature 5	74.66469016626343	74.91046593833725	74.9543747561051	45.53655482102886	94.76327403829316	59.95255792907828	69.83833707700234	80.41419646819995	88.6473596198499
Rearrangement Signature 6	0.3535657453590113	1.15899111056168	0.8495213164590552	0.00266638618693138	8.78821753064983	0.026767757196663428	0.3678863980185093	1.5630767458671806	4.480055424872428
