signature	mode_exposure	mean_exposure	median_exposure	0%	100%	2.5%	25%	75%	97.5%
Rearrangement Signature 1	0.06706693036110443	0.06938596895533307	0.06765497818558781	0.032632325705232744	0.13578243503771614	0.04103531900129477	0.05617245700854462	0.08071664273787228	0.10539691531759088
Rearrangement Signature 2	0.599070658073465	0.5896497389913267	0.5911011250543079	0.4736375393519172	0.6909982915707019	0.521152332390088	0.568434954842113	0.6119361529626863	0.6556914501526736
Rearrangement Signature 3	0.06221098898844669	0.06475715049417044	0.06366608852998393	0.02506586059757417	0.11421267416129466	0.03457379806901553	0.05241161356745916	0.07564078624293942	0.10444773227555584
Rearrangement Signature 4	0.016980739315388696	0.02320931625736064	0.02090576130549798	3.3569927885062755e-4	0.0747554637989692	0.0027147677736156163	0.012362504470578599	0.03175739701111879	0.05594688468323805
Rearrangement Signature 5	0.21009314126729683	0.21334066659069215	0.21117475765330002	0.12662497598438896	0.31504201573868895	0.15802173452408244	0.19124965558913215	0.2343557643776394	0.28296230442614634
Rearrangement Signature 6	0.033216683190895574	0.039657158711117045	0.038817931850397724	7.438957829048465e-4	0.10345706559215828	0.008249763746407008	0.027154448132058976	0.05124732421408898	0.07609789875882278
