signature	mode_exposure	mean_exposure	median_exposure	0%	100%	2.5%	25%	75%	97.5%
Rearrangement Signature 1	5.376832675960191	6.061495170102654	5.592474285566947	0.19477897443438327	23.73956855035428	0.7657255602707861	3.737993605771368	7.897496376708762	14.272092180461254
Rearrangement Signature 2	255.14021492277314	252.94037040385493	253.29879436077692	218.0229130602257	289.29017148777814	228.35567843960268	244.34751770207288	261.68636085889887	276.807957956709
Rearrangement Signature 3	24.395712479859114	24.108937024966796	23.72379668740043	6.641022783297751	55.21467140667783	12.270342976118043	19.131723719287827	28.085509193787036	39.79656062501866
Rearrangement Signature 4	0.815641342405979	2.3688925865169157	1.798630481949219	0.012664241462493262	12.104123332832083	0.0869611507409691	0.8347520002526758	3.3564808401563377	7.630976738375254
Rearrangement Signature 5	84.1323547377959	81.71089971406006	81.36372998156439	49.00548429233244	119.43047728839552	57.97650991722704	73.137760471345	89.29853255162341	106.736856384378
Rearrangement Signature 6	3.0643526695985237	3.8094051004986516	3.4579755666551435	0.0120207859459045	14.844551646389709	0.274470710841189	1.9938147512327986	5.178945301970827	9.930230128009777
