signature	mode_exposure	mean_exposure	median_exposure	0%	100%	2.5%	25%	75%	97.5%
Rearrangement Signature 1	24.211161860358704	25.048334792875238	24.423447124997203	11.78026957958902	49.01745904861553	14.81375015946741	20.278256980084606	29.138708028371894	38.048286429650304
Rearrangement Signature 2	216.26450756452087	212.86355577586892	213.38750614460514	170.98315170604212	249.4503832570234	188.13599199282174	205.20501869800282	220.90895121952974	236.70461350511516
Rearrangement Signature 3	22.458167024829255	23.377331328395528	22.9834579593242	9.048775675724276	41.23077537222737	12.481141102914608	18.920592497852756	27.30632383370113	37.70563135147566
Rearrangement Signature 4	6.130046892855318	8.37856316890719	7.546979831284771	0.12118743966507654	26.986722431427882	0.9800311662752373	4.462864113878874	11.464420321013884	20.196825370648934
Rearrangement Signature 5	75.84362399749418	77.01598063923987	76.23408751284131	45.711616330364414	113.73016768166671	57.04584616319376	69.04112566767671	84.60243094032782	102.14939189783883
Rearrangement Signature 6	11.991222631913306	14.316234294713254	14.01327339799358	0.2685463776286496	37.34800067876914	2.97816471245293	9.80275577567329	18.500284041286122	27.471341451935025
