signature	mode_exposure	mean_exposure	median_exposure	0%	100%	2.5%	25%	75%	97.5%
Rearrangement Signature 1	0.2822816890316935	1.098764162618652	0.720764893421257	0.0018650002120179992	9.602166896687937	0.03263198598298567	0.2922850022221267	1.4905729350223624	4.3599276072831845
Rearrangement Signature 2	27.73963504418982	26.38368908077796	26.587040955393842	3.464188386720281	49.22608558029639	11.397882133600149	20.931016375984147	31.930136934174634	41.938444329943685
Rearrangement Signature 3	6.328997678952547	7.568687542372054	7.027935977466055	0.7817820897084377	27.37157950819151	2.1357206558286204	5.01427377296251	9.697101269432654	15.794022325038346
Rearrangement Signature 4	0.3600531783964691	1.1303163862491195	0.7818657152483761	0.003917572876175698	7.988244128324975	0.02900338908407148	0.35126787460178505	1.56299740055491	3.9524261825401568
Rearrangement Signature 5	84.89374170016406	85.6988215397244	85.50405138909426	63.29100007084044	111.73865028221259	69.31936400754145	80.36112322717364	90.82930983524356	101.28334226350765
Rearrangement Signature 6	0.30177372934282165	1.1197212882578131	0.7895744406911382	0.0021702612443627034	7.965477950541408	0.022051798478170258	0.31831238100138887	1.487300250714736	4.46476701169674
