signature	mode_exposure	mean_exposure	median_exposure	0%	100%	2.5%	25%	75%	97.5%
Rearrangement Signature 1	0.0022949730815584836	0.008933041972509366	0.005859877182286643	1.516260334973983e-5	0.07806639753404826	2.65300699048664e-4	0.0023763008310742012	0.01211847914652327	0.035446565912871424
Rearrangement Signature 2	0.2255254881641448	0.21450153724209725	0.2161548045153971	0.028164133225368138	0.40021207788858854	0.09266570840325326	0.17017086484539956	0.25959460922093197	0.34096296203206244
Rearrangement Signature 3	0.05145526568254104	0.0615340450599354	0.057137690873707764	0.006355951948849086	0.2225331667332643	0.01736358256771236	0.040766453438719596	0.0788382217027045	0.12840668556941745
Rearrangement Signature 4	0.0029272616129794246	0.0091895641158465	0.0063566318312876105	3.185018598516828e-5	0.06494507421402419	2.357999112526137e-4	0.002855836378876301	0.012707295939470812	0.03213354619951347
Rearrangement Signature 5	0.6901930219525533	0.6967383865018244	0.6951548893422297	0.5145609761856946	0.9084443112375007	0.563572065101963	0.6533424652615744	0.7384496734572648	0.8234418070203873
Rearrangement Signature 6	0.002453444954006679	0.009103425107787099	0.006419304395862913	1.7644400360672385e-5	0.06475998333773503	1.792829144566688e-4	0.0025879055365966575	0.012091871957030374	0.03629891879428243
